video_id,time_sec,frame_index,individual_id,behavior,confidence,x_center,y_center,speed
IMG_1561,0.0,0,meerkat_1,inactive,0.75,367.0140686035156,351.572265625,0.0
IMG_1561,0.0,0,meerkat_2,social_contact,0.7,521.3019409179688,360.8987274169922,0.0
IMG_1561,0.0,0,meerkat_3,social_contact,0.7,523.5301513671875,377.43896484375,0.0
IMG_1561,0.3201960340797708,8,meerkat_1,inactive,0.75,366.7630920410156,351.31431579589844,0.3598990820464005
IMG_1561,0.6403920681595416,16,meerkat_1,inactive,0.75,365.55702209472656,350.5775604248047,1.413298691776509
IMG_1561,0.6403920681595416,16,meerkat_2,inactive,0.75,523.8464965820312,362.01173400878906,2.77732734853057
IMG_1561,0.9605881022393125,24,meerkat_1,inactive,0.75,364.1484375,350.55609130859375,1.4087481973198308
IMG_1561,0.9605881022393125,24,meerkat_2,exploratory,0.7,517.9712066650391,364.0971221923828,6.234410596438328
IMG_1561,1.2807841363190833,32,meerkat_1,inactive,0.75,364.005615234375,350.6259002685547,0.1589700929391621
IMG_1561,1.2807841363190833,32,meerkat_2,inactive,0.75,516.1692810058594,362.35487365722656,2.5064648490382324
IMG_1561,1.600980170398854,40,meerkat_1,inactive,0.75,365.47650146484375,352.82484436035156,2.6455361312654477
IMG_1561,1.600980170398854,40,meerkat_2,inactive,0.75,515.58740234375,361.4228210449219,1.0987742486617478
IMG_1561,1.921176204478625,48,meerkat_1,inactive,0.75,364.4632110595703,354.515380859375,1.9709568995667126
IMG_1561,1.921176204478625,48,meerkat_2,inactive,0.75,515.1988830566406,361.0626678466797,0.5297712361576961
IMG_1561,2.241372238558396,56,meerkat_1,inactive,0.75,362.93719482421875,354.8962097167969,1.5728179071977169
IMG_1561,2.241372238558396,56,meerkat_2,inactive,0.75,515.5273590087891,361.2079162597656,0.35915672434719326
IMG_1561,2.5615682726381666,64,meerkat_1,inactive,0.75,362.54693603515625,354.1179962158203,0.8705849617026055
IMG_1561,2.5615682726381666,64,meerkat_2,inactive,0.75,516.2731781005859,361.43402099609375,0.7793391235391217
IMG_1561,2.8817643067179373,72,meerkat_1,inactive,0.75,362.5381622314453,354.8828887939453,0.7649428970205994
IMG_1561,2.8817643067179373,72,meerkat_2,inactive,0.75,516.0576019287109,362.2096710205078,0.8050503377142422
IMG_1561,3.201960340797708,80,meerkat_1,inactive,0.75,363.0166015625,354.6790008544922,0.5200716156016381
IMG_1561,3.201960340797708,80,meerkat_2,inactive,0.75,516.6179504394531,363.03160095214844,0.9947659352921921
IMG_1561,3.522156374877479,88,meerkat_1,inactive,0.75,363.4368133544922,354.2613830566406,0.592437823920514
IMG_1561,3.522156374877479,88,meerkat_2,inactive,0.75,516.6313629150391,363.0954895019531,0.06528124767105332
IMG_1561,3.84235240895725,96,meerkat_1,inactive,0.75,363.5606994628906,354.2511901855469,0.12430471622284978
IMG_1561,3.84235240895725,96,meerkat_2,inactive,0.75,517.09033203125,363.43243408203125,0.5693718465813646
IMG_1561,4.1625484430370205,104,meerkat_1,inactive,0.75,363.7123107910156,354.0961151123047,0.21687386462387817
IMG_1561,4.1625484430370205,104,meerkat_2,inactive,0.75,517.2096557617188,363.1727752685547,0.28576362971700087
IMG_1561,4.482744477116792,112,meerkat_1,inactive,0.75,363.82720947265625,354.1197509765625,0.1173045656484326
IMG_1561,4.482744477116792,112,meerkat_2,inactive,0.75,516.9592590332031,362.94134521484375,0.34096684796615495
IMG_1561,4.802940511196562,120,meerkat_1,inactive,0.75,363.8747100830078,354.1356658935547,0.05009583382517138
IMG_1561,4.802940511196562,120,meerkat_2,exploratory,0.7,514.7361602783203,359.5662384033203,4.041474243782016
IMG_1561,5.123136545276333,128,meerkat_1,inactive,0.75,363.80848693847656,354.21617126464844,0.10424307960986774
IMG_1561,5.443332579356103,136,meerkat_1,inactive,0.75,363.73646545410156,354.0733947753906,0.15991316423723415
IMG_1561,5.7635286134358745,144,meerkat_1,inactive,0.75,363.72894287109375,353.9214324951172,0.15214836141415458
IMG_1561,6.083724647515646,152,meerkat_1,inactive,0.75,363.6060028076172,353.97943115234375,0.13593418792822323
IMG_1561,6.083724647515646,152,meerkat_2,inactive,0.75,518.1661224365234,359.61094665527344,3.4302535233562756
IMG_1561,6.403920681595416,160,meerkat_1,inactive,0.75,363.55653381347656,354.07411193847656,0.10682524347743173
IMG_1561,6.403920681595416,160,meerkat_2,inactive,0.75,518.6986999511719,361.7830505371094,2.236442282419972
IMG_1561,6.724116715675187,168,meerkat_1,inactive,0.75,363.4886169433594,354.04396057128906,0.07430885673855013
IMG_1561,6.724116715675187,168,meerkat_2,inactive,0.75,517.1722106933594,362.7812042236328,1.823864094755222
IMG_1561,7.044312749754958,176,meerkat_1,inactive,0.75,363.5321350097656,353.6432647705078,0.4030520398998943
IMG_1561,7.044312749754958,176,meerkat_2,inactive,0.75,516.4244689941406,361.99769592285156,1.0830525869705798
IMG_1561,7.3645087838347285,184,meerkat_1,inactive,0.75,363.6086120605469,353.46543884277344,0.19357375821838313
IMG_1561,7.3645087838347285,184,meerkat_2,inactive,0.75,515.9459838867188,361.7682647705078,0.5306473892240536
IMG_1561,7.6847048179145,192,meerkat_1,inactive,0.75,363.7344207763672,353.5710906982422,0.16428678443607625
IMG_1561,7.6847048179145,192,meerkat_2,inactive,0.75,516.0168762207031,361.59580993652344,0.18645748250561175
IMG_1561,8.00490085199427,200,meerkat_1,inactive,0.75,363.75653076171875,353.7366943359375,0.16707308661231657
IMG_1561,8.00490085199427,200,meerkat_2,inactive,0.75,516.3831634521484,361.26219177246094,0.49544668261307906
IMG_1561,8.00490085199427,200,meerkat_14,inactive,0.75,699.7052001953125,145.40250778198242,0.0
IMG_1561,8.325096886074041,208,meerkat_1,inactive,0.75,363.9001770019531,353.29490661621094,0.46455422894928805
IMG_1561,8.325096886074041,208,meerkat_2,inactive,0.75,516.5956268310547,361.18739318847656,0.22524545620795186
IMG_1561,8.325096886074041,208,meerkat_14,inactive,0.75,699.9100646972656,145.20386505126953,0.285356616579283
IMG_1561,8.645292920153812,216,meerkat_1,inactive,0.75,363.9526672363281,353.1916961669922,0.11579128435542377
IMG_1561,8.645292920153812,216,meerkat_2,inactive,0.75,516.5990905761719,361.2279052734375,0.04065988881095297
IMG_1561,8.645292920153812,216,meerkat_14,inactive,0.75,699.9834594726562,145.10427856445312,0.12371039330256188
IMG_1561,8.965488954233583,224,meerkat_1,inactive,0.75,364.03318786621094,353.06935119628906,0.14646454756381624
IMG_1561,8.965488954233583,224,meerkat_2,inactive,0.75,516.4491119384766,361.1116638183594,0.18975159457464794
IMG_1561,8.965488954233583,224,meerkat_14,inactive,0.75,700.1533813476562,145.05531692504883,0.17683519371627363
IMG_1561,9.285684988313353,232,meerkat_1,inactive,0.75,363.8535919189453,353.14695739746094,0.19564617740852155
IMG_1561,9.285684988313353,232,meerkat_2,inactive,0.75,517.1022796630859,361.83433532714844,0.9741058392632951
IMG_1561,9.285684988313353,232,meerkat_14,inactive,0.75,700.4201354980469,144.97330856323242,0.2790755241120847
IMG_1561,9.605881022393124,240,meerkat_1,inactive,0.75,363.7726593017578,353.19346618652344,0.09334428737142161
IMG_1561,9.605881022393124,240,meerkat_2,inactive,0.75,517.3423309326172,362.06031799316406,0.3296858767722608
IMG_1561,9.605881022393124,240,meerkat_14,inactive,0.75,700.3713989257812,144.8579216003418,0.12525735380138348
IMG_1561,9.926077056472895,248,meerkat_1,inactive,0.75,363.7216796875,353.1107940673828,0.09712672316657787
IMG_1561,9.926077056472895,248,meerkat_2,inactive,0.75,517.3819274902344,362.2123565673828,0.15711020153255995
IMG_1561,9.926077056472895,248,meerkat_14,inactive,0.75,700.4136047363281,144.27660369873047,0.582848036093214
IMG_1561,10.246273090552666,256,meerkat_1,inactive,0.75,363.7392883300781,353.0481262207031,0.06509472559979784
IMG_1561,10.246273090552666,256,meerkat_2,inactive,0.75,517.1746978759766,362.2087860107422,0.2072603722378344
IMG_1561,10.246273090552666,256,meerkat_14,inactive,0.75,700.3125305175781,144.23512268066406,0.10925508022855676
IMG_1561,10.566469124632437,264,meerkat_1,inactive,0.75,363.8067932128906,353.23545837402344,0.1991236923903191
IMG_1561,10.566469124632437,264,meerkat_2,inactive,0.75,516.8521118164062,362.2920684814453,0.3331632268956436
IMG_1561,10.566469124632437,264,meerkat_14,inactive,0.75,700.1918640136719,144.61928176879883,0.40266438899099544
IMG_1561,10.886665158712207,272,meerkat_1,inactive,0.75,363.92311096191406,352.7118682861328,0.5363547323135984
IMG_1561,10.886665158712207,272,meerkat_2,inactive,0.75,516.7477874755859,362.46868896484375,0.20513011296123848
IMG_1561,10.886665158712207,272,meerkat_14,inactive,0.75,700.0936279296875,144.87084197998047,0.2700608598933522
IMG_1561,11.206861192791978,280,meerkat_1,inactive,0.75,363.9656219482422,352.4811553955078,0.2345967217570042
IMG_1561,11.206861192791978,280,meerkat_2,inactive,0.75,516.618896484375,362.7457733154297,0.30559552508989507
IMG_1561,11.206861192791978,280,meerkat_14,inactive,0.75,699.9470520019531,144.99773788452148,0.1938738589404855
IMG_1561,11.527057226871749,288,meerkat_1,inactive,0.75,363.96327209472656,352.4881896972656,0.0074164150884951955
IMG_1561,11.527057226871749,288,meerkat_2,inactive,0.75,516.5954742431641,363.0007781982422,0.2560782920154697
IMG_1561,11.527057226871749,288,meerkat_14,inactive,0.75,699.9935913085938,144.86620712280273,0.1395214977732991
IMG_1561,11.84725326095152,296,meerkat_1,inactive,0.75,363.82769775390625,353.3502655029297,0.8726712419921976
IMG_1561,11.84725326095152,296,meerkat_2,inactive,0.75,516.3667449951172,363.2229461669922,0.3188662341023111
IMG_1561,11.84725326095152,296,meerkat_14,inactive,0.75,699.9922180175781,144.41356658935547,0.4526426166940523
IMG_1561,12.167449295031291,304,meerkat_1,inactive,0.75,363.8101348876953,353.6490020751953,0.2992523916003985
IMG_1561,12.167449295031291,304,meerkat_2,inactive,0.75,516.2714538574219,363.2616882324219,0.10286568211519911
IMG_1561,12.167449295031291,304,meerkat_14,inactive,0.75,699.8991088867188,144.2763671875,0.16581009052191795
IMG_1561,12.48764532911106,312,meerkat_1,inactive,0.75,363.78912353515625,353.7450714111328,0.09834019647627819
IMG_1561,12.48764532911106,312,meerkat_2,inactive,0.75,516.2862091064453,363.2577362060547,0.015275335876850581
IMG_1561,12.48764532911106,312,meerkat_14,inactive,0.75,699.8646850585938,144.15299606323242,0.1280837001566778
IMG_1561,12.807841363190832,320,meerkat_1,inactive,0.75,364.0271453857422,354.06361389160156,0.39764772502749
IMG_1561,12.807841363190832,320,meerkat_2,inactive,0.75,516.0995635986328,362.6197204589844,0.6647560748848219
IMG_1561,12.807841363190832,320,meerkat_14,inactive,0.75,700.1013793945312,144.39459609985352,0.33822298319334826
IMG_1561,13.128037397270603,328,meerkat_1,inactive,0.75,364.1427459716797,354.0742492675781,0.1160887879653163
IMG_1561,13.128037397270603,328,meerkat_2,inactive,0.75,516.0587615966797,362.2890930175781,0.3331355705628357
IMG_1561,13.128037397270603,328,meerkat_14,inactive,0.75,700.0679931640625,144.5113410949707,0.12142501500854189
IMG_1561,13.448233431350374,336,meerkat_1,inactive,0.75,364.16937255859375,353.96917724609375,0.10839328775115684
IMG_1561,13.448233431350374,336,meerkat_2,inactive,0.75,515.9971618652344,362.1092529296875,0.19009730173424963
IMG_1561,13.448233431350374,336,meerkat_14,inactive,0.75,700.1757507324219,144.48466873168945,0.11100949734924642
IMG_1561,13.768429465430145,344,meerkat_1,inactive,0.75,364.26976013183594,354.2160949707031,0.2665446071255742
IMG_1561,13.768429465430145,344,meerkat_2,inactive,0.75,516.0720062255859,362.05223083496094,0.09409143193426066
IMG_1561,13.768429465430145,344,meerkat_14,inactive,0.75,700.45068359375,144.14526748657227,0.4367851685041139
IMG_1561,14.088625499509916,352,meerkat_1,inactive,0.75,363.9700164794922,354.12083435058594,0.31451684035275757
IMG_1561,14.088625499509916,352,meerkat_2,inactive,0.75,516.6510009765625,362.32745361328125,0.6410791677825474
IMG_1561,14.088625499509916,352,meerkat_14,inactive,0.75,700.6050720214844,143.61787796020508,0.5495229741695052
IMG_1561,14.408821533589686,360,meerkat_1,inactive,0.75,363.84999084472656,354.1124572753906,0.12031761462778062
IMG_1561,14.408821533589686,360,meerkat_2,inactive,0.75,516.8778076171875,362.4202880859375,0.24507038079898993
IMG_1561,14.729017567669457,368,meerkat_1,inactive,0.75,363.8251953125,354.2023468017578,0.09324669092743075
IMG_1561,14.729017567669457,368,meerkat_2,inactive,0.75,517.0355834960938,362.45384216308594,0.16130438325700563
IMG_1561,15.049213601749228,376,meerkat_1,inactive,0.75,363.8157043457031,354.20860290527344,0.011367377971088987
IMG_1561,15.049213601749228,376,meerkat_2,inactive,0.75,517.0871734619141,362.47987365722656,0.057785493512943244
IMG_1561,15.369409635829,384,meerkat_1,inactive,0.75,363.6374969482422,353.8250427246094,0.42293768891037464
IMG_1561,15.369409635829,384,meerkat_2,inactive,0.75,516.6686859130859,363.0727233886719,0.725673916162729
IMG_1561,15.68960566990877,392,meerkat_1,inactive,0.75,363.5494689941406,353.6897888183594,0.16137701155737946
IMG_1561,15.68960566990877,392,meerkat_2,inactive,0.75,516.5123443603516,363.26280212402344,0.24611502746529862
IMG_1561,16.00980170398854,400,meerkat_1,inactive,0.75,363.51220703125,353.4519348144531,0.24075502290232015
IMG_1561,16.00980170398854,400,meerkat_2,inactive,0.75,516.6272888183594,363.1682586669922,0.14883109115413212
IMG_1561,16.32999773806831,408,meerkat_1,inactive,0.75,363.6356964111328,352.9684753417969,0.49898165161146046
IMG_1561,16.32999773806831,408,meerkat_2,inactive,0.75,516.2528228759766,362.940185546875,0.43845420527648826
IMG_1561,16.650193772148082,416,meerkat_1,inactive,0.75,363.7550506591797,353.1083679199219,0.18388955908722548
IMG_1561,16.650193772148082,416,meerkat_2,inactive,0.75,516.2422332763672,362.2267608642578,0.7135032707614742
IMG_1561,16.970389806227853,424,meerkat_1,inactive,0.75,363.81068420410156,353.3745422363281,0.2719261996110503
IMG_1561,16.970389806227853,424,meerkat_2,inactive,0.75,516.2751159667969,361.9475402832031,0.28115014532169813
IMG_1561,17.290585840307624,432,meerkat_1,inactive,0.75,363.7396240234375,353.61878967285156,0.25437444746727184
IMG_1561,17.290585840307624,432,meerkat_2,inactive,0.75,516.4354400634766,361.76942443847656,0.23964363150064036
IMG_1561,17.610781874387396,440,meerkat_1,inactive,0.75,363.6294403076172,353.90293884277344,0.3047641744025403
IMG_1561,17.610781874387396,440,meerkat_2,inactive,0.75,516.7448272705078,361.9431610107422,0.3548307207912053
IMG_1561,17.930977908467167,448,meerkat_1,inactive,0.75,363.5788879394531,353.9356994628906,0.060239523217382705
IMG_1561,17.930977908467167,448,meerkat_2,inactive,0.75,516.8594055175781,361.9405517578125,0.11460795305107171
IMG_1561,18.251173942546938,456,meerkat_1,inactive,0.75,363.60496520996094,353.88909912109375,0.05340052333754045
IMG_1561,18.251173942546938,456,meerkat_2,inactive,0.75,516.8791198730469,361.828369140625,0.11390169186884541
IMG_1561,18.251173942546938,456,meerkat_14,inactive,0.75,700.6294250488281,143.38417434692383,0.23496903796355273
IMG_1561,18.571369976626706,464,meerkat_1,inactive,0.75,363.57444763183594,354.0082550048828,0.12300181793846807
IMG_1561,18.571369976626706,464,meerkat_2,inactive,0.75,517.0588684082031,361.6339569091797,0.2647747186314498
IMG_1561,18.571369976626706,464,meerkat_14,inactive,0.75,700.7438659667969,143.2759132385254,0.15753473044756958
IMG_1561,18.891566010706477,472,meerkat_1,inactive,0.75,363.52978515625,354.0994873046875,0.10157789746355673
IMG_1561,18.891566010706477,472,meerkat_2,inactive,0.75,517.0688171386719,361.83665466308594,0.20294175685791851
IMG_1561,18.891566010706477,472,meerkat_14,inactive,0.75,700.869873046875,143.47383499145508,0.23462907857419393
IMG_1561,19.211762044786248,480,meerkat_1,inactive,0.75,363.7340545654297,353.95579528808594,0.24974664594673202
IMG_1561,19.211762044786248,480,meerkat_2,inactive,0.75,517.0543670654297,361.8634796142578,0.03046937186878097
IMG_1561,19.211762044786248,480,meerkat_14,inactive,0.75,700.8992919921875,143.81901931762695,0.3464356987638994
IMG_1561,19.53195807886602,488,meerkat_1,inactive,0.75,363.80596923828125,353.8724670410156,0.11006960039519678
IMG_1561,19.53195807886602,488,meerkat_2,inactive,0.75,516.9987640380859,361.73573303222656,0.13932295528898567
IMG_1561,19.53195807886602,488,meerkat_14,inactive,0.75,700.7681579589844,143.97542572021484,0.2041056036335201
IMG_1561,19.85215411294579,496,meerkat_1,inactive,0.75,363.6013946533203,353.6886901855469,0.27499944257747444
IMG_1561,19.85215411294579,496,meerkat_2,inactive,0.75,516.7896270751953,361.23912048339844,0.5388527562337243
IMG_1561,19.85215411294579,496,meerkat_14,inactive,0.75,700.764892578125,144.58547973632812,0.6100627552048234
IMG_1561,20.17235014702556,504,meerkat_1,inactive,0.75,363.45166015625,353.38636779785156,0.3373710801397984
IMG_1561,20.17235014702556,504,meerkat_2,inactive,0.75,516.6265106201172,360.9773406982422,0.3084406488024988
IMG_1561,20.17235014702556,504,meerkat_14,inactive,0.75,700.322998046875,145.28632354736328,0.8285244861891162
IMG_1561,20.492546181105332,512,meerkat_1,inactive,0.75,363.35992431640625,353.2517395019531,0.16291176252301548
IMG_1561,20.492546181105332,512,meerkat_2,inactive,0.75,516.589111328125,360.95904541015625,0.04163441614415107
IMG_1561,20.492546181105332,512,meerkat_14,inactive,0.75,699.9625854492188,145.47227478027344,0.40555530026142317
IMG_1561,20.812742215185104,520,meerkat_1,inactive,0.75,363.31187438964844,353.176025390625,0.0896739768028543
IMG_1561,20.812742215185104,520,meerkat_2,inactive,0.75,516.5353393554688,360.9568328857422,0.053817472140814275
IMG_1561,20.812742215185104,520,meerkat_14,inactive,0.75,699.2100524902344,145.43889999389648,0.7532726801918985
IMG_1561,21.132938249264875,528,meerkat_1,inactive,0.75,363.4242401123047,353.2474060058594,0.13312117735093534
IMG_1561,21.132938249264875,528,meerkat_2,inactive,0.75,517.1831970214844,361.0546417236328,0.6551993011173987
IMG_1561,21.132938249264875,528,meerkat_14,inactive,0.75,698.4770202636719,145.75582885742188,0.7986113884203455
IMG_1561,21.453134283344646,536,meerkat_1,inactive,0.75,363.45472717285156,353.40032958984375,0.15593294520214454
IMG_1561,21.453134283344646,536,meerkat_2,inactive,0.75,517.2794647216797,361.0951690673828,0.10445063758697327
IMG_1561,21.453134283344646,536,meerkat_14,inactive,0.75,698.6172180175781,145.03940200805664,0.7300156441417908
IMG_1561,21.773330317424413,544,meerkat_1,inactive,0.75,363.46788024902344,353.46669006347656,0.06765142920555595
IMG_1561,21.773330317424413,544,meerkat_2,inactive,0.75,517.300048828125,361.11669921875,0.02978678995873777
IMG_1561,21.773330317424413,544,meerkat_14,inactive,0.75,699.1213073730469,144.64211654663086,0.6418269362976251
IMG_1561,22.093526351504185,552,meerkat_1,inactive,0.75,363.59938049316406,353.3892364501953,0.15261512513301362
IMG_1561,22.093526351504185,552,meerkat_2,inactive,0.75,517.3100128173828,362.1405792236328,1.0239284865071183
IMG_1561,22.093526351504185,552,meerkat_14,inactive,0.75,699.5977172851562,144.1100616455078,0.7141770243889939
IMG_1561,22.413722385583956,560,meerkat_1,inactive,0.75,363.6860809326172,353.42918395996094,0.09546082829014055
IMG_1561,22.413722385583956,560,meerkat_2,inactive,0.75,517.4647521972656,362.3922882080078,0.2954685913961268
IMG_1561,22.413722385583956,560,meerkat_14,inactive,0.75,699.5814819335938,143.5494155883789,0.5608810818832695
IMG_1561,22.733918419663727,568,meerkat_1,inactive,0.75,363.7171936035156,353.60374450683594,0.1773115416878821
IMG_1561,22.733918419663727,568,meerkat_2,inactive,0.75,517.4742431640625,362.4658508300781,0.07417235210372536
IMG_1561,22.733918419663727,568,meerkat_14,inactive,0.75,699.2573852539062,143.29502868652344,0.4120089241995686
IMG_1561,23.054114453743498,576,meerkat_1,inactive,0.75,363.82908630371094,353.5185852050781,0.14061323918065557
IMG_1561,23.054114453743498,576,meerkat_2,inactive,0.75,517.23193359375,362.1825866699219,0.372763346231968
IMG_1561,23.054114453743498,576,meerkat_14,inactive,0.75,699.2918090820312,143.28009414672852,0.03752386469522624
IMG_1561,23.37431048782327,584,meerkat_1,inactive,0.75,363.7618865966797,353.6133117675781,0.11614181963510059
IMG_1561,23.37431048782327,584,meerkat_2,inactive,0.75,517.4257354736328,361.87107849121094,0.3668739757054423
IMG_1561,23.37431048782327,584,meerkat_14,inactive,0.75,700.0284729003906,143.08820343017578,0.7612461023735597
IMG_1561,23.69450652190304,592,meerkat_1,inactive,0.75,363.75917053222656,353.6463928222656,0.033192366371665866
IMG_1561,23.69450652190304,592,meerkat_2,inactive,0.75,517.4681701660156,361.76658630371094,0.11277996438268227
IMG_1561,23.69450652190304,592,meerkat_14,inactive,0.75,700.3543395996094,142.9482765197754,0.35463875410609347
IMG_1561,24.01470255598281,600,meerkat_1,inactive,0.75,363.76747131347656,353.62693786621094,0.021151791518691114
IMG_1561,24.01470255598281,600,meerkat_2,inactive,0.75,517.4551391601562,361.7212677001953,0.047154882444063885
IMG_1561,24.01470255598281,600,meerkat_14,inactive,0.75,700.4534912109375,142.8862533569336,0.11695261757593807
IMG_1561,24.334898590062583,608,meerkat_1,inactive,0.75,363.6956329345703,353.4864044189453,0.1578302964713624
IMG_1561,24.334898590062583,608,meerkat_2,inactive,0.75,517.5669250488281,361.72930908203125,0.11207474616519181
IMG_1561,24.334898590062583,608,meerkat_14,inactive,0.75,700.5308532714844,142.8263816833496,0.0978238504139227
IMG_1561,24.655094624142354,616,meerkat_1,inactive,0.75,363.4857940673828,354.0710754394531,0.621186407130887
IMG_1561,24.655094624142354,616,meerkat_2,inactive,0.75,516.8251190185547,362.70751953125,1.227669283443544
IMG_1561,24.655094624142354,616,meerkat_14,inactive,0.75,700.4884948730469,143.28229904174805,0.457880848701056
IMG_1561,24.97529065822212,624,meerkat_1,inactive,0.75,363.4468231201172,354.2098693847656,0.14416134706012346
IMG_1561,24.97529065822212,624,meerkat_2,inactive,0.75,516.4547729492188,363.16868591308594,0.5914648280398664
IMG_1561,24.97529065822212,624,meerkat_14,inactive,0.75,700.4332580566406,143.46192169189453,0.18792392698202134
IMG_1561,25.295486692301893,632,meerkat_1,inactive,0.75,363.602294921875,354.1109161376953,0.18429114533145335
IMG_1561,25.295486692301893,632,meerkat_2,inactive,0.75,516.3276977539062,363.1944885253906,0.12966834642832473
IMG_1561,25.295486692301893,632,meerkat_14,inactive,0.75,700.3191223144531,143.48504257202148,0.1164540370383801
IMG_1561,25.615682726381664,640,meerkat_1,inactive,0.75,363.94712829589844,354.3175048828125,0.40198129987535763
IMG_1561,25.615682726381664,640,meerkat_2,inactive,0.75,516.4286956787109,363.0377655029297,0.1864475437868379
IMG_1561,25.615682726381664,640,meerkat_14,inactive,0.75,700.1900634765625,143.50490951538086,0.13057901468506813
IMG_1561,25.935878760461435,648,meerkat_1,inactive,0.75,364.02244567871094,354.32867431640625,0.07614108221275727
IMG_1561,25.935878760461435,648,meerkat_2,inactive,0.75,516.4049530029297,363.05908203125,0.031907820873325714
IMG_1561,25.935878760461435,648,meerkat_14,inactive,0.75,700.1384582519531,143.46908950805664,0.06281856518332082
IMG_1561,26.256074794541206,656,meerkat_1,inactive,0.75,364.0289306640625,354.3837432861328,0.055449494693414814
IMG_1561,26.256074794541206,656,meerkat_2,inactive,0.75,516.4331512451172,363.1297912597656,0.07612447608844201
IMG_1561,26.256074794541206,656,meerkat_14,inactive,0.75,700.2591552734375,143.36940383911133,0.1565407409854512
IMG_1561,26.576270828620977,664,meerkat_1,inactive,0.75,364.0718231201172,354.31700134277344,0.07933630814317817
IMG_1561,26.576270828620977,664,meerkat_2,inactive,0.75,516.4286651611328,363.1385040283203,0.009799861499144627
IMG_1561,26.576270828620977,664,meerkat_14,inactive,0.75,700.2680053710938,143.23297119140625,0.13671938995015712
IMG_1561,26.89646686270075,672,meerkat_1,inactive,0.75,363.73753356933594,354.0986785888672,0.39926723962120775
IMG_1561,26.89646686270075,672,meerkat_2,inactive,0.75,516.6472015380859,363.5568084716797,0.47194995008580615
IMG_1561,26.89646686270075,672,meerkat_14,inactive,0.75,700.3601684570312,143.03112411499023,0.22189248898332692
IMG_1561,27.21666289678052,680,meerkat_1,inactive,0.75,363.51795959472656,353.8611755371094,0.32345081530277925
IMG_1561,27.21666289678052,680,meerkat_2,inactive,0.75,516.7369537353516,363.6714782714844,0.14561806172743397
IMG_1561,27.21666289678052,680,meerkat_14,inactive,0.75,700.3300170898438,142.9082145690918,0.12655378862853361
IMG_1561,27.53685893086029,688,meerkat_1,inactive,0.75,363.4297332763672,353.4149169921875,0.45489622131541047
IMG_1561,27.53685893086029,688,meerkat_2,inactive,0.75,516.8511505126953,363.686279296875,0.11515196180835105
IMG_1561,27.53685893086029,688,meerkat_14,inactive,0.75,700.2921142578125,142.78629302978516,0.12767727449663807
IMG_1561,27.857054964940062,696,meerkat_1,inactive,0.75,363.5541687011719,353.77552795410156,0.3814766582622172
IMG_1561,27.857054964940062,696,meerkat_2,inactive,0.75,516.6086578369141,363.4405975341797,0.34519882144733094
IMG_1561,27.857054964940062,696,meerkat_14,inactive,0.75,700.417236328125,142.5629653930664,0.2559897767522527
IMG_1561,28.177250999019833,704,meerkat_1,inactive,0.75,363.71641540527344,353.55531311035156,0.27352983456957103
IMG_1561,28.177250999019833,704,meerkat_2,inactive,0.75,516.4502105712891,363.3750762939453,0.17146010878886667
IMG_1561,28.177250999019833,704,meerkat_14,inactive,0.75,699.7744750976562,142.87944412231445,0.7164501276852144
IMG_1561,28.4974470330996,712,meerkat_1,inactive,0.75,363.7062072753906,353.5798034667969,0.02653268690733807
IMG_1561,28.4974470330996,712,meerkat_2,inactive,0.75,516.3616333007812,363.45281982421875,0.11785579896632614
IMG_1561,28.4974470330996,712,meerkat_14,inactive,0.75,699.512451171875,142.9989776611328,0.2880013968442831
IMG_1561,28.81764306717937,720,meerkat_1,inactive,0.75,363.6320495605469,353.7910919189453,0.22392448879506122
IMG_1561,28.81764306717937,720,meerkat_2,inactive,0.75,516.3203887939453,363.6211700439453,0.17332889495442347
IMG_1561,28.81764306717937,720,meerkat_14,inactive,0.75,699.4419860839844,143.02783203125,0.07614396421446121
IMG_1561,29.137839101259143,728,meerkat_1,inactive,0.75,363.35069274902344,353.06829833984375,0.7756237576177524
IMG_1561,29.137839101259143,728,meerkat_2,inactive,0.75,516.5330200195312,362.59104919433594,1.051836965928712
IMG_1561,29.137839101259143,728,meerkat_14,inactive,0.75,699.6707153320312,143.6259651184082,0.6403750923212829
IMG_1561,29.458035135338914,736,meerkat_1,inactive,0.75,363.2588653564453,352.64549255371094,0.43266268941876956
IMG_1561,29.458035135338914,736,meerkat_2,inactive,0.75,516.4189758300781,362.4190368652344,0.20638391049440968
IMG_1561,29.458035135338914,736,meerkat_14,inactive,0.75,699.7373962402344,143.7733268737793,0.16174619150027508
IMG_1561,29.778231169418685,744,meerkat_1,inactive,0.75,363.1947937011719,352.48577880859375,0.17208619174366124
IMG_1561,29.778231169418685,744,meerkat_2,inactive,0.75,516.513671875,362.1651153564453,0.27100456370614817
IMG_1561,29.778231169418685,744,meerkat_14,inactive,0.75,699.7174987792969,143.76137161254883,0.02321286761363377
IMG_1561,30.098427203498456,752,meerkat_1,inactive,0.75,363.1364440917969,352.42405700683594,0.084936786650107
IMG_1561,30.098427203498456,752,meerkat_2,inactive,0.75,516.5384063720703,362.1214294433594,0.050202134889597905
IMG_1561,30.098427203498456,752,meerkat_14,inactive,0.75,699.7166442871094,143.7560157775879,0.005423571242944904
IMG_1561,30.418623237578228,760,meerkat_1,inactive,0.75,363.3180694580078,353.0410614013672,0.6431813092139195
IMG_1561,30.418623237578228,760,meerkat_2,inactive,0.75,516.7718811035156,362.6846466064453,0.6096917442593695
IMG_1561,30.418623237578228,760,meerkat_14,inactive,0.75,699.49658203125,143.50975799560547,0.3302579168480584
IMG_1561,30.738819271658,768,meerkat_1,inactive,0.75,363.3762664794922,353.3912811279297,0.3550221826635134
IMG_1561,30.738819271658,768,meerkat_2,inactive,0.75,516.7958831787109,362.83482360839844,0.15208297580370508
IMG_1561,30.738819271658,768,meerkat_14,inactive,0.75,699.3573608398438,143.38977813720703,0.18378712293815586
IMG_1561,31.05901530573777,776,meerkat_1,inactive,0.75,363.3829040527344,353.35252380371094,0.039321591513349366
IMG_1561,31.05901530573777,776,meerkat_2,inactive,0.75,516.6054840087891,362.9351043701172,0.21519311113005393
IMG_1561,31.05901530573777,776,meerkat_14,inactive,0.75,699.3155822753906,143.38362503051758,0.04222924543128509
IMG_1561,31.37921133981754,784,meerkat_1,inactive,0.75,363.2029266357422,353.77647399902344,0.4605709920660295
IMG_1561,31.37921133981754,784,meerkat_2,inactive,0.75,516.6921844482422,362.7827606201172,0.17528714831791717
IMG_1561,31.37921133981754,784,meerkat_14,inactive,0.75,699.2571105957031,143.70059967041016,0.3223226018455845
IMG_1561,31.69940737389731,792,meerkat_1,inactive,0.75,363.2185974121094,353.991455078125,0.21555147321144125
IMG_1561,31.69940737389731,792,meerkat_2,inactive,0.75,517.1461181640625,363.09071350097656,0.5485351357825902
IMG_1561,31.69940737389731,792,meerkat_14,inactive,0.75,699.165771484375,143.82772827148438,0.1565391787039253
IMG_1561,32.01960340797708,800,meerkat_1,inactive,0.75,363.22698974609375,354.3140106201172,0.32266470048578155
IMG_1561,32.01960340797708,800,meerkat_2,inactive,0.75,516.9191284179688,363.2325439453125,0.2676569068270695
IMG_1561,32.01960340797708,800,meerkat_14,inactive,0.75,699.1670227050781,143.91548538208008,0.08776602995096906
IMG_1561,32.33979944205685,808,meerkat_1,inactive,0.75,363.2707977294922,354.4566650390625,0.1492294295843233
IMG_1561,32.33979944205685,808,meerkat_2,inactive,0.75,516.8128051757812,363.2041320800781,0.11005392276224445
IMG_1561,32.33979944205685,808,meerkat_14,inactive,0.75,699.6070556640625,143.93103790283203,0.44030771727768364
IMG_1561,32.65999547613662,816,meerkat_1,inactive,0.75,363.41123962402344,354.483642578125,0.1430094869349424
IMG_1561,32.65999547613662,816,meerkat_2,inactive,0.75,516.4551239013672,362.8861389160156,0.478597478531749
IMG_1561,32.65999547613662,816,meerkat_14,inactive,0.75,699.88134765625,143.9471206665039,0.2747630838841218
IMG_1561,32.98019151021639,824,meerkat_1,inactive,0.75,363.42970275878906,354.45762634277344,0.03190190977420507
IMG_1561,32.98019151021639,824,meerkat_2,inactive,0.75,516.5196685791016,363.0846405029297,0.2087316349555942
IMG_1561,32.98019151021639,824,meerkat_14,inactive,0.75,700.0103454589844,143.91699981689453,0.13246772698090398
IMG_1561,33.300387544296164,832,meerkat_1,inactive,0.75,363.41888427734375,354.42323303222656,0.03605467169669353
IMG_1561,33.300387544296164,832,meerkat_2,inactive,0.75,516.1262359619141,363.32098388671875,0.4589634182893774
IMG_1561,33.300387544296164,832,meerkat_14,inactive,0.75,700.1588745117188,143.682373046875,0.277687955655208
IMG_1561,33.620583578375935,840,meerkat_1,inactive,0.75,363.3951110839844,354.44573974609375,0.032737087402542116
IMG_1561,33.620583578375935,840,meerkat_2,inactive,0.75,515.9996795654297,363.47950744628906,0.20284536087855878
IMG_1561,33.620583578375935,840,meerkat_14,inactive,0.75,700.2299499511719,143.61975860595703,0.09472215318986703
IMG_1561,33.94077961245571,848,meerkat_1,inactive,0.75,363.49082946777344,354.3009948730469,0.17353122851102687
IMG_1561,33.94077961245571,848,meerkat_2,inactive,0.75,515.6421508789062,363.31190490722656,0.39486373951956044
IMG_1561,33.94077961245571,848,meerkat_14,inactive,0.75,700.3211975097656,143.54331588745117,0.11903615485173358
IMG_1561,34.26097564653548,856,meerkat_1,inactive,0.75,363.52882385253906,354.31800842285156,0.04162972676675814
IMG_1561,34.26097564653548,856,meerkat_2,inactive,0.75,515.4674224853516,363.2154235839844,0.1995962355576007
IMG_1561,34.26097564653548,856,meerkat_14,inactive,0.75,700.0567321777344,143.5877456665039,0.2681714323209579
IMG_1561,34.58117168061525,864,meerkat_1,inactive,0.75,363.43646240234375,354.3362579345703,0.0941471303872507
IMG_1561,34.58117168061525,864,meerkat_2,inactive,0.75,515.8322906494141,360.8497619628906,2.3936339909564803
IMG_1561,34.58117168061525,864,meerkat_14,inactive,0.75,700.1638488769531,143.5522232055664,0.11285314564767954
IMG_1561,34.90136771469502,872,meerkat_1,inactive,0.75,363.234130859375,354.2942199707031,0.20665247079629628
IMG_1561,34.90136771469502,872,meerkat_2,inactive,0.75,516.1822357177734,358.6108093261719,2.2661355785431043
IMG_1561,34.90136771469502,872,meerkat_14,inactive,0.75,700.4373779296875,143.67529678344727,0.29994207484472807
IMG_1561,35.22156374877479,880,meerkat_1,inactive,0.75,362.6411590576172,353.7156677246094,0.8284553452902754
IMG_1561,35.22156374877479,880,meerkat_2,inactive,0.75,516.4787902832031,360.28797912597656,1.7031861752768211
IMG_1561,35.22156374877479,880,meerkat_14,inactive,0.75,700.289794921875,143.60589218139648,0.1630881448199462
IMG_1561,35.54175978285456,888,meerkat_1,inactive,0.75,362.7577667236328,353.5513458251953,0.20149202068731362
IMG_1561,35.54175978285456,888,meerkat_2,inactive,0.75,516.7122344970703,359.30328369140625,1.0119887844495539
IMG_1561,35.54175978285456,888,meerkat_14,inactive,0.75,700.10498046875,143.5105972290039,0.20793631245022248
IMG_1561,35.86195581693433,896,meerkat_1,inactive,0.75,362.8138427734375,353.5141906738281,0.06726833307594599
IMG_1561,35.86195581693433,896,meerkat_14,inactive,0.75,700.2031555175781,143.3216094970703,0.21296643640209745
IMG_1561,36.182151851014105,904,meerkat_1,inactive,0.75,362.9957275390625,353.3065643310547,0.2760267490297528
IMG_1561,36.182151851014105,904,meerkat_14,inactive,0.75,700.2030029296875,143.36614227294922,0.0445330372930621
IMG_1561,36.182151851014105,904,meerkat_2,inactive,0.75,519.0291900634766,362.1503143310547,3.670676580658925
IMG_1561,36.502347885093876,912,meerkat_1,inactive,0.75,363.0850524902344,353.1086883544922,0.2171033141212287
IMG_1561,36.502347885093876,912,meerkat_14,inactive,0.75,700.1752319335938,143.28285217285156,0.08779788720872886
IMG_1561,36.82254391917364,920,meerkat_1,inactive,0.75,362.09364318847656,352.99420166015625,0.9979977989915026
IMG_1561,36.82254391917364,920,meerkat_14,inactive,0.75,700.1717834472656,143.32184219360352,0.039142224977548226
IMG_1561,37.14273995325341,928,meerkat_14,inactive,0.75,700.1392822265625,143.34190368652344,0.03819414674226035
IMG_1561,37.46293598733318,936,meerkat_14,inactive,0.75,700.0848388671875,143.47042846679688,0.1395804374701942
IMG_1561,37.46293598733318,936,meerkat_2,inactive,0.75,517.9025726318359,363.5605773925781,1.8050231965196395
IMG_1561,37.78313202141295,944,meerkat_14,inactive,0.75,699.90966796875,143.26962661743164,0.2664699352045165
IMG_1561,37.78313202141295,944,meerkat_2,inactive,0.75,518.1028594970703,363.04002380371094,0.5577552037120959
IMG_1561,38.103328055492725,952,meerkat_14,inactive,0.75,699.8934326171875,143.25662231445312,0.020801407075363952
IMG_1561,38.103328055492725,952,meerkat_2,inactive,0.75,518.2050628662109,362.9566650390625,0.13188711956596993
IMG_1561,38.423524089572496,960,meerkat_14,inactive,0.75,699.9175415039062,143.3286018371582,0.07590974975369355
IMG_1561,38.423524089572496,960,meerkat_2,inactive,0.75,518.1059417724609,363.136474609375,0.20532041496685655
IMG_1561,38.74372012365227,968,meerkat_14,inactive,0.75,699.9900207519531,143.2731475830078,0.09126015396007477
IMG_1561,38.74372012365227,968,meerkat_2,inactive,0.75,518.1048431396484,363.26661682128906,0.1301468490434611
IMG_1561,39.06391615773204,976,meerkat_14,inactive,0.75,700.0155029296875,143.20465087890625,0.07308310238942574
IMG_1561,39.06391615773204,976,meerkat_2,inactive,0.75,518.1817626953125,363.353759765625,0.11623472282882216
IMG_1561,39.38411219181181,984,meerkat_14,inactive,0.75,700.0504760742188,143.25873184204102,0.06440397046756963
IMG_1561,39.38411219181181,984,meerkat_2,inactive,0.75,518.0845031738281,363.4455261230469,0.1337179078278183
IMG_1561,39.38411219181181,984,meerkat_1,inactive,0.75,363.9677276611328,353.9288787841797,2.094233496252025
IMG_1561,39.70430822589158,992,meerkat_14,inactive,0.75,700.1978759765625,143.02244567871094,0.2784921582238814
IMG_1561,39.70430822589158,992,meerkat_2,inactive,0.75,518.2738494873047,363.7316131591797,0.34307115686169515
IMG_1561,39.70430822589158,992,meerkat_1,inactive,0.75,364.90550231933594,354.65777587890625,1.1877340966179304
IMG_1561,40.02450425997135,1000,meerkat_14,inactive,0.75,700.254638671875,142.9771499633789,0.0726202823361361
IMG_1561,40.02450425997135,1000,meerkat_2,inactive,0.75,518.1778869628906,364.0414581298828,0.3243650905414144
IMG_1561,40.02450425997135,1000,meerkat_1,inactive,0.75,364.48939514160156,354.6493377685547,0.41619272587152684
IMG_1561,40.34470029405112,1008,meerkat_14,inactive,0.75,700.3455810546875,143.28871154785156,0.32456299528863025
IMG_1561,40.34470029405112,1008,meerkat_2,inactive,0.75,518.150390625,364.17604064941406,0.1373626701865347
IMG_1561,40.34470029405112,1008,meerkat_1,inactive,0.75,364.24342346191406,354.8349609375,0.3081526051449024
IMG_1561,40.664896328130894,1016,meerkat_14,inactive,0.75,700.1831665039062,143.49644470214844,0.26368835715595124
IMG_1561,40.664896328130894,1016,meerkat_2,inactive,0.75,518.0484466552734,363.8488464355469,0.34270778595149703
IMG_1561,40.664896328130894,1016,meerkat_1,inactive,0.75,364.1119689941406,354.7304992675781,0.1679062761794939
IMG_1561,40.985092362210665,1024,meerkat_14,inactive,0.75,700.1079406738281,143.67010498046875,0.18925331642333598
IMG_1561,40.985092362210665,1024,meerkat_2,inactive,0.75,517.8773193359375,363.7903289794922,0.1808558876183361
IMG_1561,40.985092362210665,1024,meerkat_1,inactive,0.75,363.98548889160156,354.5416564941406,0.2272857439828964
IMG_1561,41.305288396290436,1032,meerkat_14,inactive,0.75,699.99560546875,143.42864227294922,0.26631454602144267
IMG_1561,41.305288396290436,1032,meerkat_2,inactive,0.75,517.7836303710938,363.7217559814453,0.11610287763285691
IMG_1561,41.305288396290436,1032,meerkat_1,inactive,0.75,363.95069885253906,354.5431213378906,0.034820864222218695
IMG_1561,41.62548443037021,1040,meerkat_14,inactive,0.75,699.9654541015625,143.4523696899414,0.038367893614278586
IMG_1561,41.62548443037021,1040,meerkat_2,inactive,0.75,517.6444244384766,363.39154052734375,0.35835811390747396
IMG_1561,41.62548443037021,1040,meerkat_1,inactive,0.75,363.9686279296875,354.626953125,0.08572759379188358
IMG_1561,41.94568046444998,1048,meerkat_14,inactive,0.75,700.2612915039062,143.27032470703125,0.3473616910775523
IMG_1561,41.94568046444998,1048,meerkat_2,inactive,0.75,517.3629455566406,363.25794982910156,0.3115715577141868
IMG_1561,41.94568046444998,1048,meerkat_1,inactive,0.75,364.0110626220703,354.5849914550781,0.059678177420698045
IMG_1561,42.26587649852975,1056,meerkat_14,inactive,0.75,700.3204040527344,142.9137725830078,0.36141902353719874
IMG_1561,42.26587649852975,1056,meerkat_2,inactive,0.75,517.1196594238281,363.0266571044922,0.3356850709758919
IMG_1561,42.26587649852975,1056,meerkat_1,inactive,0.75,364.30116271972656,354.5836486816406,0.2901032052574915
IMG_1561,42.58607253260952,1064,meerkat_14,inactive,0.75,700.3465270996094,142.84129333496094,0.07704320200688625
IMG_1561,42.58607253260952,1064,meerkat_2,inactive,0.75,517.0761108398438,362.91473388671875,0.12009698515701582
IMG_1561,42.58607253260952,1064,meerkat_1,inactive,0.75,364.364990234375,354.5602569580078,0.06797885230503956
IMG_1561,42.90626856668929,1072,meerkat_14,inactive,0.75,700.3968200683594,142.9118309020996,0.08663100532448599
IMG_1561,42.90626856668929,1072,meerkat_2,inactive,0.75,517.1828460693359,362.9300231933594,0.10782472866787558
IMG_1561,42.90626856668929,1072,meerkat_1,inactive,0.75,364.4639892578125,354.5529022216797,0.0992718428761898
IMG_1561,43.22646460076906,1080,meerkat_14,inactive,0.75,700.3713684082031,142.99796295166016,0.08981379051242491
IMG_1561,43.22646460076906,1080,meerkat_2,inactive,0.75,516.8855895996094,363.50270080566406,0.6452294602924581
IMG_1561,43.22646460076906,1080,meerkat_1,inactive,0.75,364.14048767089844,354.68284606933594,0.348623981217052
IMG_1561,43.54666063484883,1088,meerkat_14,inactive,0.75,700.2764587402344,143.1564064025879,0.18469480830772625
IMG_1561,43.54666063484883,1088,meerkat_2,inactive,0.75,516.9333190917969,363.0393829345703,0.46576985099866797
IMG_1561,43.54666063484883,1088,meerkat_1,inactive,0.75,364.0811767578125,354.83351135253906,0.16191915258475598
IMG_1561,43.8668566689286,1096,meerkat_14,inactive,0.75,700.025146484375,143.27267837524414,0.2769061602249103
IMG_1561,43.8668566689286,1096,meerkat_2,inactive,0.75,517.3117828369141,363.04637145996094,0.37852826295438347
IMG_1561,44.18705270300837,1104,meerkat_14,inactive,0.75,700.1626586914062,143.44497680664062,0.2204458131702537
IMG_1561,44.50724873708814,1112,meerkat_14,inactive,0.75,700.1945190429688,143.4188461303711,0.041205512301015504
IMG_1561,44.82744477116791,1120,meerkat_14,inactive,0.75,700.1529235839844,143.4062271118164,0.043467480228377285
IMG_1561,45.14764080524768,1128,meerkat_14,inactive,0.75,700.0805969238281,143.43513870239258,0.07789111527640281
IMG_1561,45.14764080524768,1128,meerkat_1,inactive,0.75,363.6619415283203,355.37757873535156,0.6868533283662609
IMG_1561,45.467836839327454,1136,meerkat_14,inactive,0.75,700.1800537109375,143.18629837036133,0.2679797816021617
IMG_1561,45.467836839327454,1136,meerkat_2,inactive,0.75,517.6512908935547,362.07232666015625,1.0315178100985205
IMG_1561,45.788032873407225,1144,meerkat_14,inactive,0.75,700.0241394042969,143.1649398803711,0.1573704423006105
IMG_1561,45.788032873407225,1144,meerkat_2,inactive,0.75,517.9140472412109,362.2381896972656,0.3107272844679045
IMG_1561,46.108228907486996,1152,meerkat_14,inactive,0.75,699.4284362792969,143.22618103027344,0.5988427937081041
IMG_1561,46.108228907486996,1152,meerkat_2,inactive,0.75,517.9323883056641,362.54405212402344,0.3064118449855552
IMG_1561,46.42842494156677,1160,meerkat_14,inactive,0.75,699.3995666503906,143.43860626220703,0.21437801807840673
IMG_1561,46.42842494156677,1160,meerkat_2,inactive,0.75,518.1157989501953,363.17822265625,0.6601603808711108
IMG_1561,46.74862097564654,1168,meerkat_14,inactive,0.75,699.4620056152344,143.49042892456055,0.08114316153666638
IMG_1561,46.74862097564654,1168,meerkat_2,inactive,0.75,518.1710357666016,363.4245147705078,0.2524102046912548
IMG_1561,47.06881700972631,1176,meerkat_14,inactive,0.75,699.5603332519531,143.65562438964844,0.19224428685476966
IMG_1561,47.06881700972631,1176,meerkat_2,inactive,0.75,518.1072845458984,363.6724853515625,0.2560344258292972
IMG_1561,47.38901304380608,1184,meerkat_14,inactive,0.75,699.6837463378906,143.75304412841797,0.15723038918269097
IMG_1561,47.38901304380608,1184,meerkat_2,inactive,0.75,518.0069122314453,363.7649383544922,0.1364630325743709
IMG_1561,47.70920907788585,1192,meerkat_2,inactive,0.75,517.7853393554688,363.9792938232422,0.308290133399623
IMG_1561,48.02940511196562,1200,meerkat_2,inactive,0.75,517.8095703125,364.1383361816406,0.16087762754213938
IMG_1561,48.349601146045394,1208,meerkat_2,inactive,0.75,517.8485260009766,364.0580139160156,0.08927044314786413
IMG_1561,48.349601146045394,1208,meerkat_35,inactive,0.75,866.6355895996094,660.2984008789062,0.0
IMG_1561,48.669797180125165,1216,meerkat_2,inactive,0.75,517.7911376953125,364.0660858154297,0.05795319824774652
IMG_1561,48.669797180125165,1216,meerkat_35,exploratory,0.7,874.1160278320312,669.3500061035156,11.742593976258169
IMG_1561,48.98999321420494,1224,meerkat_2,inactive,0.75,517.5296630859375,364.0138244628906,0.26664624564583883
IMG_1561,48.98999321420494,1224,meerkat_35,exploratory,0.7,888.731201171875,678.2749938964844,17.12479777569127
IMG_1561,48.98999321420494,1224,meerkat_1,inactive,0.75,362.97679138183594,354.98606872558594,0.7891202766208966
IMG_1561,48.98999321420494,1224,meerkat_14,inactive,0.75,700.3096008300781,143.77354431152344,0.6261901491548962
IMG_1561,49.31018924828471,1232,meerkat_2,inactive,0.75,517.4546966552734,363.97584533691406,0.08403796604186285
IMG_1561,49.31018924828471,1232,meerkat_35,inactive,0.75,889.5726623535156,680.1444396972656,2.050093783773485
IMG_1561,49.31018924828471,1232,meerkat_1,inactive,0.75,362.8705291748047,355.1700134277344,0.2124318951843852
IMG_1561,49.63038528236448,1240,meerkat_2,inactive,0.75,517.4177856445312,363.8536376953125,0.12766021455342236
IMG_1561,49.63038528236448,1240,meerkat_1,inactive,0.75,363.1292419433594,354.8216247558594,0.43394350243327495
IMG_1561,49.95058131644424,1248,meerkat_2,inactive,0.75,517.5381317138672,363.767578125,0.1479507554795933
IMG_1561,49.95058131644424,1248,meerkat_1,inactive,0.75,363.41229248046875,354.46337890625,0.456571675994305
IMG_1561,49.95058131644424,1248,meerkat_14,inactive,0.75,700.4577026367188,143.68236923217773,0.1739167623431173
IMG_1561,50.270777350524014,1256,meerkat_2,inactive,0.75,517.6055603027344,363.7568359375,0.06827890734996686
IMG_1561,50.270777350524014,1256,meerkat_1,inactive,0.75,363.52159118652344,354.44256591796875,0.11126269647291688
IMG_1561,50.270777350524014,1256,meerkat_14,inactive,0.75,700.5420532226562,143.7066650390625,0.08777988140901877
IMG_1561,50.590973384603785,1264,meerkat_2,inactive,0.75,517.6291809082031,363.7970275878906,0.04661868470723481
IMG_1561,50.590973384603785,1264,meerkat_1,inactive,0.75,363.4884033203125,354.4088897705078,0.04728125814152891
IMG_1561,50.590973384603785,1264,meerkat_14,inactive,0.75,700.5476379394531,143.7277946472168,0.021855191659087017
IMG_1561,50.911169418683556,1272,meerkat_2,inactive,0.75,517.632568359375,363.8523254394531,0.05540150912087252
IMG_1561,50.911169418683556,1272,meerkat_1,inactive,0.75,363.4627227783203,354.4346466064453,0.036371758749389575
IMG_1561,50.911169418683556,1272,meerkat_14,inactive,0.75,700.4869079589844,143.87862396240234,0.1625964724312179
IMG_1561,51.23136545276333,1280,meerkat_2,inactive,0.75,517.3490447998047,363.89170837402344,0.28624574122035434
IMG_1561,51.23136545276333,1280,meerkat_1,inactive,0.75,363.7835693359375,354.20965576171875,0.39187165468501467
IMG_1561,51.23136545276333,1280,meerkat_14,inactive,0.75,700.2720336914062,144.04378509521484,0.27101503769928326
IMG_1561,51.5515614868431,1288,meerkat_2,inactive,0.75,517.1409454345703,363.9410858154297,0.21387724874510952
IMG_1561,51.5515614868431,1288,meerkat_1,inactive,0.75,363.8670196533203,354.03521728515625,0.1933720185981881
IMG_1561,51.5515614868431,1288,meerkat_14,inactive,0.75,700.2047729492188,144.17490768432617,0.1473673668587165
IMG_1561,51.87175752092287,1296,meerkat_2,inactive,0.75,517.0830230712891,364.05870056152344,0.13110388501788336
IMG_1561,51.87175752092287,1296,meerkat_1,inactive,0.75,363.89451599121094,353.9810333251953,0.060761419621696615
IMG_1561,51.87175752092287,1296,meerkat_14,inactive,0.75,700.2588500976562,144.16630172729492,0.05475765224655939
IMG_1561,52.19195355500264,1304,meerkat_2,inactive,0.75,517.0986785888672,364.16062927246094,0.1031239901478769
IMG_1561,52.19195355500264,1304,meerkat_1,inactive,0.75,363.92723083496094,354.44822692871094,0.46833761771557697
IMG_1561,52.19195355500264,1304,meerkat_14,inactive,0.75,700.2508544921875,144.14226150512695,0.02533499533643535
IMG_1561,52.51214958908241,1312,meerkat_2,inactive,0.75,517.4934387207031,364.35546875,0.44022492398184543
IMG_1561,52.51214958908241,1312,meerkat_1,inactive,0.75,363.75108337402344,354.26393127441406,0.254936886674803
IMG_1561,52.51214958908241,1312,meerkat_14,inactive,0.75,700.074951171875,144.29290008544922,0.23159006882521893
IMG_1561,52.83234562316218,1320,meerkat_2,inactive,0.75,517.740234375,364.7533416748047,0.46819970020543494
IMG_1561,52.83234562316218,1320,meerkat_1,inactive,0.75,363.75494384765625,354.09967041015625,0.16430622259486444
IMG_1561,52.83234562316218,1320,meerkat_14,inactive,0.75,699.9830017089844,144.47657012939453,0.2054005568851931
IMG_1561,53.152541657241954,1328,meerkat_2,inactive,0.75,517.9554748535156,364.7138214111328,0.21883855883351488
IMG_1561,53.152541657241954,1328,meerkat_1,inactive,0.75,363.6905212402344,354.03004455566406,0.09485795676062335
IMG_1561,53.152541657241954,1328,meerkat_14,inactive,0.75,699.8628234863281,144.4894790649414,0.12086954048795161
IMG_1561,53.472737691321726,1336,meerkat_2,inactive,0.75,518.0948181152344,364.64512634277344,0.1553562261491932
IMG_1561,53.472737691321726,1336,meerkat_1,inactive,0.75,363.90313720703125,354.73814392089844,0.7393309545679084
IMG_1561,53.472737691321726,1336,meerkat_14,inactive,0.75,699.6655883789062,143.9115982055664,0.6106127866591946
IMG_1561,53.7929337254015,1344,meerkat_2,inactive,0.75,518.0034637451172,364.598876953125,0.10239446753785615
IMG_1561,53.7929337254015,1344,meerkat_1,inactive,0.75,363.9698486328125,354.97607421875,0.24710572831381403
IMG_1561,53.7929337254015,1344,meerkat_14,inactive,0.75,699.605712890625,143.60097122192383,0.3163450601223364
IMG_1561,54.11312975948127,1352,meerkat_2,inactive,0.75,517.9252319335938,364.69728088378906,0.12571217086812345
IMG_1561,54.11312975948127,1352,meerkat_1,inactive,0.75,364.01133728027344,355.1182403564453,0.14809631519838876
IMG_1561,54.11312975948127,1352,meerkat_14,inactive,0.75,699.5152893066406,143.4576416015625,0.1694691848493459
IMG_1561,54.43332579356104,1360,meerkat_2,inactive,0.75,517.9065704345703,364.7289733886719,0.03677861350770109
IMG_1561,54.43332579356104,1360,meerkat_1,inactive,0.75,363.83038330078125,355.2315979003906,0.21352816082046994
IMG_1561,54.43332579356104,1360,meerkat_14,inactive,0.75,699.61328125,143.44034576416016,0.09950661764322648
IMG_1561,54.75352182764081,1368,meerkat_2,inactive,0.75,517.7719573974609,364.54603576660156,0.2271273724775384
IMG_1561,54.75352182764081,1368,meerkat_1,inactive,0.75,363.6141357421875,355.1611022949219,0.22744809735006138
IMG_1561,54.75352182764081,1368,meerkat_14,inactive,0.75,700.0461120605469,143.37580490112305,0.43761630860862544
IMG_1561,55.07371786172058,1376,meerkat_2,inactive,0.75,517.8660736083984,364.47979736328125,0.1150886060201286
IMG_1561,55.07371786172058,1376,meerkat_1,inactive,0.75,363.44044494628906,355.031982421875,0.21642650991843349
IMG_1561,55.07371786172058,1376,meerkat_14,inactive,0.75,700.2532958984375,143.3799285888672,0.20722487177870313
IMG_1561,55.39391389580035,1384,meerkat_2,inactive,0.75,517.8200225830078,364.3456115722656,0.14186797894527495
IMG_1561,55.39391389580035,1384,meerkat_1,inactive,0.75,363.46728515625,354.9361572265625,0.09951313947125767
IMG_1561,55.39391389580035,1384,meerkat_14,inactive,0.75,700.360595703125,143.39182662963867,0.10795745208264018
IMG_1561,55.714109929880124,1392,meerkat_2,inactive,0.75,517.4919281005859,364.43226623535156,0.3393449867468435
IMG_1561,55.714109929880124,1392,meerkat_1,inactive,0.75,363.7704620361328,354.91139221191406,0.3041866638201199
IMG_1561,56.034305963959895,1400,meerkat_2,inactive,0.75,517.3070983886719,364.6405944824219,0.27850077366791015
IMG_1561,56.034305963959895,1400,meerkat_1,inactive,0.75,363.8944854736328,354.8075866699219,0.16173250631090896
IMG_1561,56.354501998039666,1408,meerkat_2,inactive,0.75,517.1387634277344,364.4075622558594,0.2874729164469341
IMG_1561,56.354501998039666,1408,meerkat_1,inactive,0.75,364.0032958984375,354.6197509765625,0.21707592276890983
IMG_1561,56.67469803211943,1416,meerkat_2,inactive,0.75,517.242431640625,364.30348205566406,0.14690060053189802
IMG_1561,56.67469803211943,1416,meerkat_1,inactive,0.75,364.02333068847656,354.482421875,0.13878283376510497
IMG_1561,56.9948940661992,1424,meerkat_2,inactive,0.75,517.1826171875,364.4589080810547,0.1665383384430445
IMG_1561,56.9948940661992,1424,meerkat_1,inactive,0.75,363.99407958984375,354.5111846923828,0.041023486383089704
IMG_1561,57.31509010027897,1432,meerkat_2,inactive,0.75,517.1003570556641,364.7198486328125,0.2735995263909231
IMG_1561,57.31509010027897,1432,meerkat_1,inactive,0.75,364.0878601074219,354.6938171386719,0.20530318047889154
IMG_1561,57.63528613435874,1440,meerkat_2,inactive,0.75,517.1004943847656,364.8482208251953,0.12837226583827194
IMG_1561,57.63528613435874,1440,meerkat_1,inactive,0.75,364.1396026611328,354.80580139160156,0.12336030467192222
IMG_1561,57.955482168438515,1448,meerkat_2,inactive,0.75,517.167236328125,364.8039855957031,0.08007023499161543
IMG_1561,57.955482168438515,1448,meerkat_1,inactive,0.75,364.11854553222656,354.8135528564453,0.02243853571421989
IMG_1561,58.275678202518286,1456,meerkat_1,inactive,0.75,363.9181823730469,355.23455810546875,0.4662518796334782
IMG_1561,58.275678202518286,1456,meerkat_14,inactive,0.75,700.3331298828125,144.10212326049805,0.7108274580343796
IMG_1561,58.59587423659806,1464,meerkat_1,inactive,0.75,363.8429260253906,354.97222900390625,0.27291037977538857
IMG_1561,58.59587423659806,1464,meerkat_2,inactive,0.75,517.4871978759766,364.12408447265625,0.7514259306305376
IMG_1561,58.91607027067783,1472,meerkat_1,inactive,0.75,363.7445373535156,354.76478576660156,0.22959317815818334
IMG_1561,58.91607027067783,1472,meerkat_2,inactive,0.75,517.7435302734375,364.35821533203125,0.34716502891240075
IMG_1561,59.2362663047576,1480,meerkat_2,inactive,0.75,517.6960296630859,364.7061462402344,0.3511584042377775
IMG_1561,59.2362663047576,1480,meerkat_14,inactive,0.75,699.9921569824219,144.8758316040039,0.845509976056685
IMG_1561,59.55646233883737,1488,meerkat_2,inactive,0.75,517.6380310058594,364.94464111328125,0.2454458162400193
IMG_1561,59.55646233883737,1488,meerkat_14,inactive,0.75,700.0054931640625,144.7197380065918,0.15666226378361006
IMG_1561,59.87665837291714,1496,meerkat_2,inactive,0.75,517.6163482666016,365.0615234375,0.11887648588555802
IMG_1561,59.87665837291714,1496,meerkat_14,inactive,0.75,700.0597839355469,144.3445701599121,0.3790757194158472
IMG_1561,60.19685440699691,1504,meerkat_2,inactive,0.75,517.4616241455078,365.0771942138672,0.1555156804961603
IMG_1561,60.19685440699691,1504,meerkat_14,inactive,0.75,700.0763549804688,144.36913681030273,0.029633086933662425
IMG_1561,60.517050441076684,1512,meerkat_2,inactive,0.75,517.4572143554688,365.0181427001953,0.059215939704848515
IMG_1561,60.517050441076684,1512,meerkat_14,inactive,0.75,700.3489685058594,144.56380081176758,0.3349809064591736
IMG_1561,60.837246475156455,1520,meerkat_2,inactive,0.75,517.5215759277344,365.0386657714844,0.0675544849705718
IMG_1561,60.837246475156455,1520,meerkat_14,inactive,0.75,700.3797912597656,145.22706985473633,0.6639848383201583
IMG_1561,61.157442509236226,1528,meerkat_2,inactive,0.75,517.2239532470703,364.5365753173828,0.5836729256574916
IMG_1561,61.157442509236226,1528,meerkat_14,inactive,0.75,700.1576538085938,144.75996780395508,0.5172324168661382
IMG_1561,61.477638543316,1536,meerkat_2,inactive,0.75,517.0483856201172,364.38714599609375,0.2305495905328429
IMG_1561,61.477638543316,1536,meerkat_14,inactive,0.75,699.7776489257812,144.55706787109375,0.4307807954360005
IMG_1561,61.79783457739577,1544,meerkat_2,inactive,0.75,516.6553344726562,363.6552734375,0.8307386150546522
IMG_1561,61.79783457739577,1544,meerkat_14,inactive,0.75,699.7611389160156,144.65094375610352,0.09531664182517013
IMG_1561,61.79783457739577,1544,meerkat_1,inactive,0.75,363.4759979248047,355.5901641845703,0.8679648366270337
IMG_1561,62.11803061147554,1552,meerkat_2,inactive,0.75,516.4532012939453,364.0291748046875,0.42504123837631275
IMG_1561,62.11803061147554,1552,meerkat_14,inactive,0.75,700.1210632324219,144.73559188842773,0.36974426276344685
IMG_1561,62.11803061147554,1552,meerkat_1,inactive,0.75,363.5352478027344,355.4912872314453,0.11527011709010414
IMG_1561,62.43822664555531,1560,meerkat_2,inactive,0.75,516.4015502929688,363.9551086425781,0.09029741010401725
IMG_1561,62.43822664555531,1560,meerkat_1,inactive,0.75,363.4891815185547,355.41883850097656,0.08585406853875541
IMG_1561,62.75842267963508,1568,meerkat_2,inactive,0.75,516.8782958984375,363.44195556640625,0.7004373290440932
IMG_1561,62.75842267963508,1568,meerkat_1,inactive,0.75,363.75877380371094,355.47705078125,0.2758054926762737
IMG_1561,63.07861871371485,1576,meerkat_2,inactive,0.75,516.9712524414062,363.9186706542969,0.48569351849007353
IMG_1561,63.07861871371485,1576,meerkat_1,inactive,0.75,363.8918914794922,355.47906494140625,0.13313291270958139
IMG_1561,63.39881474779462,1584,meerkat_2,inactive,0.75,516.9900665283203,364.25177001953125,0.33363026988862005
IMG_1561,63.39881474779462,1584,meerkat_1,inactive,0.75,363.9866943359375,355.4892578125,0.09534923288272609
IMG_1561,63.39881474779462,1584,meerkat_38,inactive,0.75,1070.0244140625,682.1261596679688,0.0
IMG_1561,63.71901078187439,1592,meerkat_2,inactive,0.75,516.9809112548828,364.3919219970703,0.14045068828533833
IMG_1561,63.71901078187439,1592,meerkat_38,exploratory,0.7,1059.0416259765625,677.7642211914062,11.817281473076923
IMG_1561,64.03920681595416,1600,meerkat_38,exploratory,0.7,1051.7123413085938,676.0887145996094,7.518359933075602
IMG_1561,64.03920681595416,1600,meerkat_1,inactive,0.75,364.1772918701172,355.2917022705078,0.27450976705247504
IMG_1561,64.35940285003393,1608,meerkat_38,exploratory,0.7,1045.6548767089844,672.9715881347656,6.812441175771726
IMG_1561,64.35940285003393,1608,meerkat_1,inactive,0.75,364.1182861328125,355.00535583496094,0.29236271681811693
IMG_1561,64.6795988841137,1616,meerkat_38,exploratory,0.7,1046.2959899902344,668.8279418945312,4.192950083605052
IMG_1561,64.6795988841137,1616,meerkat_1,inactive,0.75,364.0541076660156,354.7681579589844,0.24572689711993337
IMG_1561,64.6795988841137,1616,meerkat_2,inactive,0.75,517.4221038818359,364.3717041015625,0.4416556321123553
IMG_1561,64.99979491819347,1624,meerkat_1,inactive,0.75,363.68894958496094,354.32716369628906,0.572552498806637
IMG_1561,64.99979491819347,1624,meerkat_2,inactive,0.75,517.3145904541016,363.7851867675781,0.5962899631952004
IMG_1561,64.99979491819347,1624,meerkat_14,inactive,0.75,699.0820922851562,143.82647705078125,1.3805616311092468
IMG_1561,65.31999095227324,1632,meerkat_1,inactive,0.75,363.4346618652344,353.94651794433594,0.45777006551727994
IMG_1561,65.31999095227324,1632,meerkat_2,inactive,0.75,517.1690521240234,363.5551452636719,0.27221406841193657
IMG_1561,65.31999095227324,1632,meerkat_14,inactive,0.75,699.2251892089844,143.80727005004883,0.14438018730493274
IMG_1561,65.64018698635302,1640,meerkat_1,inactive,0.75,363.3285217285156,353.8266296386719,0.16012162395402635
IMG_1561,65.64018698635302,1640,meerkat_2,inactive,0.75,517.0894927978516,363.49085998535156,0.10228530387911469
IMG_1561,65.64018698635302,1640,meerkat_14,inactive,0.75,699.2802734375,143.81241607666016,0.05532407993854115
IMG_1561,65.64018698635302,1640,meerkat_40,inactive,0.75,1078.7929077148438,673.0238952636719,0.0
IMG_1561,65.96038302043279,1648,meerkat_1,inactive,0.75,363.3092803955078,353.77447509765625,0.05559069206682037
IMG_1561,65.96038302043279,1648,meerkat_2,inactive,0.75,516.9891357421875,363.2349548339844,0.2748799467364305
IMG_1561,65.96038302043279,1648,meerkat_14,inactive,0.75,699.3369445800781,143.80213165283203,0.05759676878598901
IMG_1561,65.96038302043279,1648,meerkat_40,inactive,0.75,1079.3736572265625,672.7780151367188,0.6306560331845334
IMG_1561,66.28057905451256,1656,meerkat_1,inactive,0.75,363.06822204589844,354.52796936035156,0.7911148663949807
IMG_1561,66.28057905451256,1656,meerkat_2,inactive,0.75,516.4616851806641,363.2850799560547,0.5298269743170436
IMG_1561,66.28057905451256,1656,meerkat_14,inactive,0.75,699.9038696289062,144.07850646972656,0.6307036153394537
IMG_1561,66.28057905451256,1656,meerkat_40,inactive,0.75,1079.8898315429688,673.7247619628906,1.0783160379888532
IMG_1561,66.60077508859233,1664,meerkat_1,inactive,0.75,363.0457458496094,354.8659362792969,0.33871347434227045
IMG_1561,66.60077508859233,1664,meerkat_2,inactive,0.75,516.2352294921875,363.3408203125,0.23321484982745935
IMG_1561,66.60077508859233,1664,meerkat_14,inactive,0.75,699.6820373535156,143.8627586364746,0.30944577224110636
IMG_1561,66.60077508859233,1664,meerkat_40,inactive,0.75,1079.86376953125,674.1550598144531,0.4310863828910994
IMG_1561,66.9209711226721,1672,meerkat_2,inactive,0.75,516.2100524902344,363.31224060058594,0.038087811179411006
IMG_1561,66.9209711226721,1672,meerkat_14,inactive,0.75,699.7628479003906,143.9621238708496,0.12807729810015223
IMG_1561,66.9209711226721,1672,meerkat_40,inactive,0.75,1079.972412109375,674.3305358886719,0.20638571269560058
IMG_1561,67.24116715675187,1680,meerkat_2,inactive,0.75,516.5709838867188,363.0620880126953,0.43914438422520896
IMG_1561,67.24116715675187,1680,meerkat_14,inactive,0.75,699.6343078613281,144.01651000976562,0.13957218114073153
IMG_1561,67.24116715675187,1680,meerkat_1,inactive,0.75,363.062744140625,355.27195739746094,0.40637678365360325
IMG_1561,67.56136319083164,1688,meerkat_2,inactive,0.75,517.432861328125,362.87298583984375,0.8823788051523938
IMG_1561,67.56136319083164,1688,meerkat_14,inactive,0.75,699.8210754394531,144.0154037475586,0.18677085440386218
IMG_1561,67.88155922491141,1696,meerkat_2,inactive,0.75,517.7969207763672,362.9447937011719,0.37107364606358834
IMG_1561,67.88155922491141,1696,meerkat_14,inactive,0.75,699.9452819824219,143.95683670043945,0.13732211884654116
IMG_1561,68.20175525899118,1704,meerkat_2,inactive,0.75,517.7802734375,362.90061950683594,0.04720692043109934
IMG_1561,68.20175525899118,1704,meerkat_14,inactive,0.75,699.6622924804688,143.81496047973633,0.316562663965098
IMG_1561,68.52195129307096,1712,meerkat_2,inactive,0.75,517.6054077148438,362.95628356933594,0.18351160403117958
IMG_1561,68.52195129307096,1712,meerkat_14,inactive,0.75,699.5531311035156,143.8966827392578,0.13636250921568982
IMG_1561,68.84214732715073,1720,meerkat_2,inactive,0.75,517.5244750976562,363.08656311035156,0.15337159884431126
IMG_1561,68.84214732715073,1720,meerkat_14,inactive,0.75,698.9008483886719,143.9044418334961,0.6523288615624265
IMG_1561,69.1623433612305,1728,meerkat_2,inactive,0.75,517.5029907226562,363.1975860595703,0.11308259646103712
IMG_1561,69.1623433612305,1728,meerkat_14,inactive,0.75,698.6325378417969,143.96410751342773,0.274864590164078
IMG_1561,69.48253939531027,1736,meerkat_2,inactive,0.75,517.47265625,363.22125244140625,0.038474379274228344
IMG_1561,69.48253939531027,1736,meerkat_14,inactive,0.75,699.1841430664062,143.6430549621582,0.6382343335272979
IMG_1561,69.48253939531027,1736,meerkat_1,inactive,0.75,363.4863739013672,355.7373962402344,0.6293611765502856
IMG_1561,69.80273542939004,1744,meerkat_2,inactive,0.75,517.7129669189453,363.38116455078125,0.2886539456402866
IMG_1561,69.80273542939004,1744,meerkat_14,inactive,0.75,699.7167358398438,143.24627304077148,0.6641467875832755
IMG_1561,69.80273542939004,1744,meerkat_1,inactive,0.75,363.2592010498047,355.73724365234375,0.2271729028077557
IMG_1561,70.12293146346981,1752,meerkat_2,inactive,0.75,517.6708526611328,363.93719482421875,0.5576228794535593
IMG_1561,70.12293146346981,1752,meerkat_14,inactive,0.75,699.9980163574219,143.02413177490234,0.35842080236917345
IMG_1561,70.12293146346981,1752,meerkat_1,inactive,0.75,363.19483947753906,355.4651184082031,0.2796329030766909
IMG_1561,70.44312749754958,1760,meerkat_2,inactive,0.75,517.6397247314453,364.11029052734375,0.17587231290617655
IMG_1561,70.44312749754958,1760,meerkat_14,inactive,0.75,700.1304626464844,142.9310188293457,0.16190132833507337
IMG_1561,70.76332353162935,1768,meerkat_2,inactive,0.75,517.6200103759766,363.4521484375,0.6584372910425463
IMG_1561,70.76332353162935,1768,meerkat_14,inactive,0.75,700.2571411132812,142.8795509338379,0.13673470012403607
IMG_1561,71.08351956570912,1776,meerkat_2,inactive,0.75,517.1421203613281,362.8595275878906,0.7613004252543284
IMG_1561,71.08351956570912,1776,meerkat_14,inactive,0.75,699.9762268066406,143.2924041748047,0.4993602369554179
IMG_1561,71.4037155997889,1784,meerkat_2,inactive,0.75,516.9273834228516,362.6754455566406,0.2828394367400221
IMG_1561,71.4037155997889,1784,meerkat_14,inactive,0.75,699.9590148925781,143.40719604492188,0.11607507669907494
IMG_1561,71.4037155997889,1784,meerkat_1,inactive,0.75,363.24305725097656,354.71649169921875,0.7501779142843691
IMG_1561,71.72391163386867,1792,meerkat_2,inactive,0.75,516.7885589599609,362.6529541015625,0.14063462250954362
IMG_1561,71.72391163386867,1792,meerkat_14,inactive,0.75,699.8835754394531,143.38957595825195,0.07746985569919845
IMG_1561,71.72391163386867,1792,meerkat_1,inactive,0.75,363.1958465576172,354.51072692871094,0.21111132217293718
IMG_1561,72.04410766794844,1800,meerkat_2,inactive,0.75,517.4279174804688,363.22406005859375,0.8572871933620139
IMG_1561,72.04410766794844,1800,meerkat_14,inactive,0.75,700.0798950195312,143.33045959472656,0.20502712493354988
IMG_1561,72.04410766794844,1800,meerkat_1,inactive,0.75,363.3341827392578,354.2756652832031,0.2727469089462766
IMG_1561,72.36430370202821,1808,meerkat_2,inactive,0.75,517.5697479248047,363.4202423095703,0.24208128911330679
IMG_1561,72.36430370202821,1808,meerkat_14,inactive,0.75,700.1445617675781,143.2896957397461,0.07644265939792191
IMG_1561,72.36430370202821,1808,meerkat_1,inactive,0.75,363.3780517578125,354.1294250488281,0.1526784101928182
IMG_1561,72.68449973610798,1816,meerkat_2,inactive,0.75,517.6646575927734,363.4568176269531,0.10171331729715552
IMG_1561,72.68449973610798,1816,meerkat_14,inactive,0.75,700.2594909667969,143.1277961730957,0.19854518507042018
IMG_1561,72.68449973610798,1816,meerkat_1,inactive,0.75,363.39698791503906,354.1529998779297,0.030238231060645285
IMG_1561,73.00469577018775,1824,meerkat_2,inactive,0.75,517.7990875244141,363.4709930419922,0.13517525258875157
IMG_1561,73.00469577018775,1824,meerkat_14,inactive,0.75,700.31787109375,143.1476173400879,0.06165320659945576
IMG_1561,73.00469577018775,1824,meerkat_1,inactive,0.75,363.3853759765625,354.13250732421875,0.023553808031380637
IMG_1561,73.32489180426751,1832,meerkat_2,inactive,0.75,517.3671569824219,363.8133850097656,0.5511771518318149
IMG_1561,73.32489180426751,1832,meerkat_14,inactive,0.75,700.4386596679688,143.21833038330078,0.13996504614448071
IMG_1561,73.32489180426751,1832,meerkat_1,inactive,0.75,363.2534637451172,353.9209747314453,0.24929274881218394
IMG_1561,73.64508783834728,1840,meerkat_2,inactive,0.75,517.2540130615234,363.8219757080078,0.11346958593632131
IMG_1561,73.64508783834728,1840,meerkat_14,inactive,0.75,700.3296813964844,143.1972999572754,0.11098892951340493
IMG_1561,73.64508783834728,1840,meerkat_1,inactive,0.75,363.19639587402344,353.8686065673828,0.07745428663702082
IMG_1561,73.96528387242705,1848,meerkat_2,inactive,0.75,517.3429412841797,364.3281555175781,0.5139321243135492
IMG_1561,73.96528387242705,1848,meerkat_14,inactive,0.75,700.3539428710938,143.27983856201172,0.08603046217498285
IMG_1561,73.96528387242705,1848,meerkat_1,inactive,0.75,363.3276062011719,353.84893798828125,0.13267630894125151
IMG_1561,74.28547990650682,1856,meerkat_2,inactive,0.75,517.6290435791016,363.8674774169922,0.542290360894448
IMG_1561,74.28547990650682,1856,meerkat_14,inactive,0.75,700.14990234375,143.32761001586914,0.2095582224642292
IMG_1561,74.28547990650682,1856,meerkat_1,inactive,0.75,363.36395263671875,354.0033416748047,0.15862396347649083
IMG_1561,74.6056759405866,1864,meerkat_2,inactive,0.75,517.7776947021484,363.74168395996094,0.19473353644138985
IMG_1561,74.6056759405866,1864,meerkat_14,inactive,0.75,700.1163635253906,143.27910614013672,0.05897014751558091
IMG_1561,74.6056759405866,1864,meerkat_1,inactive,0.75,363.405029296875,354.0545959472656,0.06568327378482343
IMG_1561,74.92587197466636,1872,meerkat_2,inactive,0.75,517.8464508056641,363.6491394042969,0.11529048769829237
IMG_1561,74.92587197466636,1872,meerkat_14,inactive,0.75,700.1221008300781,143.29790115356445,0.019651188127589765
IMG_1561,74.92587197466636,1872,meerkat_1,inactive,0.75,363.44309997558594,354.06837463378906,0.04048739038049486
IMG_1561,74.92587197466636,1872,meerkat_60,inactive,0.75,1034.2621154785156,394.4634552001953,0.0
IMG_1561,75.24606800874614,1880,meerkat_2,inactive,0.75,518.1720886230469,364.0642395019531,0.5275870347005035
IMG_1561,75.24606800874614,1880,meerkat_14,inactive,0.75,700.0856018066406,143.60570526123047,0.30996055782625526
IMG_1561,75.24606800874614,1880,meerkat_1,inactive,0.75,363.4045104980469,354.2179870605469,0.1545089836129266
IMG_1561,75.24606800874614,1880,meerkat_60,inactive,0.75,1032.7892150878906,393.7733917236328,1.6265371690769324
IMG_1561,75.5662640428259,1888,meerkat_2,inactive,0.75,518.5556488037109,364.4127655029297,0.5182555214831417
IMG_1561,75.5662640428259,1888,meerkat_14,inactive,0.75,699.9335632324219,143.4654197692871,0.20687133030040847
IMG_1561,75.5662640428259,1888,meerkat_60,inactive,0.75,1031.7308044433594,393.7041931152344,1.0606703257192294
IMG_1561,75.88646007690568,1896,meerkat_2,inactive,0.75,518.7283782958984,364.55641174316406,0.2246546678901273
IMG_1561,75.88646007690568,1896,meerkat_14,inactive,0.75,699.8124694824219,143.3529052734375,0.1652973322995694
IMG_1561,75.88646007690568,1896,meerkat_60,inactive,0.75,1029.3396301269531,392.9134063720703,2.5185428891732062
IMG_1561,76.20665611098545,1904,meerkat_2,inactive,0.75,518.6647033691406,364.6999816894531,0.1570567597241745
IMG_1561,76.20665611098545,1904,meerkat_14,inactive,0.75,699.3427124023438,143.46164321899414,0.4821780325641193
IMG_1561,76.20665611098545,1904,meerkat_60,inactive,0.75,1025.7757263183594,391.7349090576172,3.7537003446042765
IMG_1561,76.52685214506522,1912,meerkat_2,inactive,0.75,518.5965728759766,364.7082061767578,0.0686251141361771
IMG_1561,76.52685214506522,1912,meerkat_14,inactive,0.75,699.5772399902344,143.40892791748047,0.24037906001869666
IMG_1561,76.52685214506522,1912,meerkat_60,inactive,0.75,1023.6415405273438,391.2915802001953,2.179745275576019
IMG_1561,76.84704817914499,1920,meerkat_2,inactive,0.75,518.2058715820312,363.90333557128906,0.8946866449423361
IMG_1561,76.84704817914499,1920,meerkat_14,inactive,0.75,699.7666320800781,143.82329940795898,0.455601904974913
IMG_1561,76.84704817914499,1920,meerkat_60,inactive,0.75,1024.0671081542969,390.8512878417969,0.6123439931726058
IMG_1561,77.16724421322476,1928,meerkat_2,inactive,0.75,518.0665588378906,363.54449462890625,0.3849348809996
IMG_1561,77.16724421322476,1928,meerkat_14,inactive,0.75,699.8172607421875,143.92144775390625,0.11043712799221735
IMG_1561,77.16724421322476,1928,meerkat_60,inactive,0.75,1024.7229919433594,390.51568603515625,0.7367578417468208
IMG_1561,77.48744024730453,1936,meerkat_2,inactive,0.75,517.8868408203125,363.41485595703125,0.22159591848164795
IMG_1561,77.48744024730453,1936,meerkat_14,inactive,0.75,699.8323364257812,143.94598007202148,0.028794285334522884
IMG_1561,77.48744024730453,1936,meerkat_60,inactive,0.75,1023.1581115722656,390.37677001953125,1.57103412923833
IMG_1561,77.8076362813843,1944,meerkat_2,inactive,0.75,517.8333282470703,363.80638122558594,0.3951653216209902
IMG_1561,77.8076362813843,1944,meerkat_14,inactive,0.75,699.7777404785156,144.0457534790039,0.1137341206442064
IMG_1561,77.8076362813843,1944,meerkat_60,inactive,0.75,1022.3931274414062,389.44488525390625,1.2056574707895418
IMG_1561,78.12783231546408,1952,meerkat_2,inactive,0.75,517.6901550292969,363.93565368652344,0.1928987803083203
IMG_1561,78.12783231546408,1952,meerkat_14,inactive,0.75,699.765380859375,144.05184173583984,0.013777774007496406
IMG_1561,78.12783231546408,1952,meerkat_60,inactive,0.75,1022.4375915527344,388.4341278076172,1.0117349813192122
IMG_1561,78.44802834954385,1960,meerkat_2,inactive,0.75,517.2871246337891,363.8538360595703,0.4112512903121697
IMG_1561,78.44802834954385,1960,meerkat_14,inactive,0.75,699.7855224609375,143.84303283691406,0.20977807412620517
IMG_1561,78.44802834954385,1960,meerkat_60,inactive,0.75,1024.6290588378906,387.1861877441406,2.5218808980481198
IMG_1561,78.76822438362362,1968,meerkat_2,inactive,0.75,517.1186370849609,363.77764892578125,0.18491223178876598
IMG_1561,78.76822438362362,1968,meerkat_14,inactive,0.75,699.7444763183594,143.70354080200195,0.14540568635533105
IMG_1561,78.76822438362362,1968,meerkat_60,inactive,0.75,1023.5606079101562,388.41510009765625,1.6284388099034484
IMG_1561,79.08842041770339,1976,meerkat_2,inactive,0.75,516.9858856201172,364.0881652832031,0.3377030643105138
IMG_1561,79.08842041770339,1976,meerkat_14,inactive,0.75,699.9782409667969,143.61565780639648,0.24973852681494463
IMG_1561,79.40861645178316,1984,meerkat_2,inactive,0.75,516.9380950927734,363.69871520996094,0.39237137262055566
IMG_1561,79.40861645178316,1984,meerkat_14,inactive,0.75,699.9402465820312,143.63334274291992,0.041908594029821264
IMG_1561,79.40861645178316,1984,meerkat_1,inactive,0.75,364.0928649902344,354.7740783691406,0.8849121145109384
IMG_1561,79.72881248586293,1992,meerkat_2,inactive,0.75,516.9451904296875,363.59405517578125,0.10490026959172895
IMG_1561,79.72881248586293,1992,meerkat_14,inactive,0.75,699.8953247070312,143.81900024414062,0.19101487537108466
IMG_1561,79.72881248586293,1992,meerkat_1,inactive,0.75,364.0388946533203,354.6240997314453,0.15939381741949477
IMG_1561,80.0490085199427,2000,meerkat_2,inactive,0.75,517.1145324707031,363.9632873535156,0.40621315578130496
IMG_1561,80.0490085199427,2000,meerkat_14,inactive,0.75,699.9073181152344,143.57294082641602,0.24635153519168618
IMG_1561,80.0490085199427,2000,meerkat_1,inactive,0.75,364.0310821533203,354.6675720214844,0.04416871242735487
IMG_1561,80.0490085199427,2000,meerkat_71,inactive,0.75,949.0302734375,375.3568420410156,0.0
IMG_1561,80.36920455402247,2008,meerkat_2,inactive,0.75,517.1561279296875,364.1034240722656,0.1461796228964127
IMG_1561,80.36920455402247,2008,meerkat_14,inactive,0.75,699.7940368652344,143.07529067993164,0.5103805539962141
IMG_1561,80.36920455402247,2008,meerkat_1,inactive,0.75,363.70635986328125,354.5580291748047,0.3427013290124544
IMG_1561,80.36920455402247,2008,meerkat_71,inactive,0.75,951.3296508789062,377.22576904296875,2.963110655489843
IMG_1561,80.68940058810225,2016,meerkat_2,inactive,0.75,517.2863464355469,364.4938659667969,0.41158441694675446
IMG_1561,80.68940058810225,2016,meerkat_14,inactive,0.75,699.4997253417969,143.01286697387695,0.30085875740238
IMG_1561,80.68940058810225,2016,meerkat_1,inactive,0.75,363.53807067871094,354.6764831542969,0.20579746087081902
IMG_1561,80.68940058810225,2016,meerkat_71,inactive,0.75,953.0818176269531,377.93202209472656,1.8891484023438667
IMG_1561,81.00959662218202,2024,meerkat_2,inactive,0.75,517.3000335693359,364.6282958984375,0.1351249205448899
IMG_1561,81.00959662218202,2024,meerkat_14,inactive,0.75,699.591796875,142.7383575439453,0.2895385887023843
IMG_1561,81.00959662218202,2024,meerkat_1,inactive,0.75,363.48435974121094,354.6710968017578,0.05398034457841087
IMG_1561,81.32979265626179,2032,meerkat_2,inactive,0.75,518.1094055175781,364.0969543457031,0.9681977051529976
IMG_1561,81.32979265626179,2032,meerkat_14,inactive,0.75,699.2846069335938,143.6517677307129,0.9636824318166007
IMG_1561,81.32979265626179,2032,meerkat_1,inactive,0.75,363.8131866455078,353.10496520996094,1.6002797554845465
IMG_1561,81.64998869034156,2040,meerkat_2,inactive,0.75,518.4132537841797,363.9857635498047,0.32355395563847184
IMG_1561,81.64998869034156,2040,meerkat_14,inactive,0.75,699.4367065429688,143.9936180114746,0.37416026730385676
IMG_1561,81.64998869034156,2040,meerkat_1,inactive,0.75,363.8904724121094,352.4944305419922,0.6154069145783975
IMG_1561,81.97018472442133,2048,meerkat_2,inactive,0.75,518.3798675537109,364.0200500488281,0.047856080075541825
IMG_1561,81.97018472442133,2048,meerkat_14,inactive,0.75,699.5899353027344,143.8123435974121,0.2373593604916695
IMG_1561,81.97018472442133,2048,meerkat_1,inactive,0.75,363.9826965332031,352.4295349121094,0.1127684853556243
IMG_1561,81.97018472442133,2048,meerkat_75,inactive,0.75,1042.0123596191406,409.80381774902344,0.0
IMG_1561,82.2903807585011,2056,meerkat_2,inactive,0.75,518.3483581542969,363.93894958496094,0.08700647959151035
IMG_1561,82.2903807585011,2056,meerkat_14,inactive,0.75,699.8335571289062,143.52597045898438,0.37598027687668617
IMG_1561,82.2903807585011,2056,meerkat_1,inactive,0.75,363.92108154296875,353.1034240722656,0.6767000865949983
IMG_1561,82.2903807585011,2056,meerkat_75,exploratory,0.7,1050.7047729492188,414.1835174560547,9.733438191342744
IMG_1561,82.61057679258087,2064,meerkat_2,inactive,0.75,518.2785339355469,363.7325744628906,0.21786719012642597
IMG_1561,82.61057679258087,2064,meerkat_14,inactive,0.75,700.0534362792969,143.56721115112305,0.22371328852926864
IMG_1561,82.61057679258087,2064,meerkat_1,inactive,0.75,363.8367004394531,353.57020568847656,0.47434718072632154
IMG_1561,82.61057679258087,2064,meerkat_75,exploratory,0.7,1056.4800109863281,417.9913787841797,6.9175994593142525
IMG_1561,82.93077282666064,2072,meerkat_2,inactive,0.75,518.0927581787109,363.50279235839844,0.2954867972902071
IMG_1561,82.93077282666064,2072,meerkat_14,inactive,0.75,699.9090576171875,143.83866119384766,0.30745784063459064
IMG_1561,82.93077282666064,2072,meerkat_1,inactive,0.75,363.7869567871094,353.84722900390625,0.2814539895616191
IMG_1561,82.93077282666064,2072,meerkat_75,inactive,0.75,1055.68017578125,421.1354675292969,3.24423032358292
IMG_1561,83.25096886074041,2080,meerkat_2,inactive,0.75,518.1203002929688,363.4878387451172,0.031339728906861576
IMG_1561,83.25096886074041,2080,meerkat_14,inactive,0.75,699.787109375,143.78507614135742,0.13320184541890676
IMG_1561,83.25096886074041,2080,meerkat_1,inactive,0.75,363.5836944580078,353.8167266845703,0.20553823468314456
IMG_1561,83.25096886074041,2080,meerkat_75,inactive,0.75,1056.5787658691406,417.82354736328125,3.4316583938551117
IMG_1561,83.57116489482019,2088,meerkat_2,inactive,0.75,518.0352325439453,363.7359924316406,0.26232951427372225
IMG_1561,83.57116489482019,2088,meerkat_14,inactive,0.75,699.873779296875,143.71746444702148,0.10992277547803661
IMG_1561,83.57116489482019,2088,meerkat_1,inactive,0.75,363.26036071777344,353.8202209472656,0.3233526209043838
IMG_1561,83.57116489482019,2088,meerkat_75,social_contact,0.7,1053.0451354980469,418.3966369628906,3.5798010124442095
IMG_1561,83.57116489482019,2088,meerkat_78,social_contact,0.7,1056.0333862304688,413.68324279785156,0.0
IMG_1561,83.89136092889996,2096,meerkat_2,inactive,0.75,517.9945526123047,363.68524169921875,0.0650422453459494
IMG_1561,83.89136092889996,2096,meerkat_14,inactive,0.75,699.9579772949219,143.77902221679688,0.10430082403711662
IMG_1561,83.89136092889996,2096,meerkat_1,inactive,0.75,363.1137237548828,353.73963928222656,0.16731946577207985
IMG_1561,83.89136092889996,2096,meerkat_78,exploratory,0.7,1060.6622924804688,408.7392578125,6.772721801954569
IMG_1561,84.21155696297973,2104,meerkat_2,inactive,0.75,518.1106262207031,363.6660614013672,0.11764763657765707
IMG_1561,84.21155696297973,2104,meerkat_14,inactive,0.75,700.0322265625,143.55438995361328,0.2365853068110345
IMG_1561,84.21155696297973,2104,meerkat_1,inactive,0.75,363.1951599121094,353.79774475097656,0.10004045782825384
IMG_1561,84.21155696297973,2104,meerkat_78,inactive,0.75,1060.58154296875,407.05308532714844,1.6881048942525703
IMG_1561,84.5317529970595,2112,meerkat_2,inactive,0.75,518.101318359375,363.6309814453125,0.036293795603414246
IMG_1561,84.5317529970595,2112,meerkat_14,inactive,0.75,699.7020874023438,143.72369384765625,0.37101977522335233
IMG_1561,84.5317529970595,2112,meerkat_1,inactive,0.75,363.306396484375,353.843505859375,0.12028156155978006
IMG_1561,84.5317529970595,2112,meerkat_78,inactive,0.75,1060.8702392578125,407.26361083984375,0.35730454631040276
IMG_1561,84.85194903113927,2120,meerkat_2,inactive,0.75,517.5355224609375,362.70179748535156,1.0878914606418173
IMG_1561,84.85194903113927,2120,meerkat_14,inactive,0.75,700.0156860351562,143.98129272460938,0.40583405957285107
IMG_1561,84.85194903113927,2120,meerkat_1,inactive,0.75,363.68267822265625,353.7360076904297,0.3913359207772193
IMG_1561,84.85194903113927,2120,meerkat_78,inactive,0.75,1060.6005249023438,407.00836181640625,0.3713460616617883
IMG_1561,85.17214506521904,2128,meerkat_2,inactive,0.75,517.7653656005859,362.79046630859375,0.24635346366269226
IMG_1561,85.17214506521904,2128,meerkat_14,inactive,0.75,700.0543212890625,143.99130630493164,0.03991183577926316
IMG_1561,85.17214506521904,2128,meerkat_1,inactive,0.75,363.8821105957031,353.7253112792969,0.19971901419301585
IMG_1561,85.17214506521904,2128,meerkat_78,inactive,0.75,1064.1386108398438,406.09230041503906,3.654753150653279
IMG_1561,85.49234109929881,2136,meerkat_2,inactive,0.75,517.8821868896484,362.7960205078125,0.11695325009244396
IMG_1561,85.49234109929881,2136,meerkat_14,inactive,0.75,700.0460510253906,143.86337661743164,0.12819673242735163
IMG_1561,85.49234109929881,2136,meerkat_1,inactive,0.75,364.05877685546875,353.7764434814453,0.18391701779912584
IMG_1561,85.81253713337858,2144,meerkat_2,inactive,0.75,517.9144744873047,362.85838317871094,0.07022529233829293
IMG_1561,85.81253713337858,2144,meerkat_14,inactive,0.75,699.9773864746094,143.66386795043945,0.21099414384999035
IMG_1561,85.81253713337858,2144,meerkat_1,inactive,0.75,364.14210510253906,353.87266540527344,0.1272880802942543
IMG_1561,86.13273316745835,2152,meerkat_2,inactive,0.75,517.8744964599609,363.3625183105469,0.5057177808042107
IMG_1561,86.13273316745835,2152,meerkat_14,inactive,0.75,700.1787414550781,143.69140625,0.20322939281082625
IMG_1561,86.13273316745835,2152,meerkat_1,inactive,0.75,364.05311584472656,354.26002502441406,0.39745007554004774
IMG_1561,86.45292920153813,2160,meerkat_2,inactive,0.75,517.8409729003906,363.5451965332031,0.18572873250822217
IMG_1561,86.45292920153813,2160,meerkat_14,inactive,0.75,700.3061218261719,143.64669799804688,0.13499846937163978
IMG_1561,86.45292920153813,2160,meerkat_1,inactive,0.75,363.98204040527344,354.4217834472656,0.17668476294485536
IMG_1561,86.77312523561788,2168,meerkat_2,inactive,0.75,517.8033142089844,363.58758544921875,0.05670094566593116
IMG_1561,86.77312523561788,2168,meerkat_14,inactive,0.75,700.2653503417969,143.5925521850586,0.06777966510910773
IMG_1561,86.77312523561788,2168,meerkat_1,inactive,0.75,363.91078186035156,354.5194396972656,0.1208905430066611
IMG_1561,87.09332126969765,2176,meerkat_2,inactive,0.75,517.9664306640625,363.5789031982422,0.16334735810313553
IMG_1561,87.09332126969765,2176,meerkat_14,inactive,0.75,700.0648498535156,143.71430587768555,0.23457281911875094
IMG_1561,87.41351730377743,2184,meerkat_2,inactive,0.75,518.1282958984375,363.5519714355469,0.164090444393177
IMG_1561,87.41351730377743,2184,meerkat_14,inactive,0.75,699.9676208496094,143.67798614501953,0.10379114693234881
IMG_1561,87.7337133378572,2192,meerkat_2,inactive,0.75,518.2262268066406,363.60218811035156,0.11005533703518713
IMG_1561,87.7337133378572,2192,meerkat_14,inactive,0.75,699.994384765625,143.56621170043945,0.11493404048268896
IMG_1561,88.05390937193697,2200,meerkat_2,inactive,0.75,518.2616882324219,363.5364227294922,0.07471678551716307
IMG_1561,88.05390937193697,2200,meerkat_14,inactive,0.75,699.4427185058594,143.76135635375977,0.5851641631912355
IMG_1561,88.37410540601674,2208,meerkat_2,inactive,0.75,517.8828735351562,363.69358825683594,0.41012385671853585
IMG_1561,88.37410540601674,2208,meerkat_14,inactive,0.75,699.5700073242188,143.5401268005371,0.25523510436149266
IMG_1561,88.37410540601674,2208,meerkat_1,inactive,0.75,363.7558288574219,354.4498748779297,0.169851986170811
IMG_1561,88.69430144009651,2216,meerkat_2,inactive,0.75,517.6807861328125,363.72218322753906,0.2041004422718316
IMG_1561,88.69430144009651,2216,meerkat_14,inactive,0.75,699.6051330566406,143.39288711547852,0.15137153607705459
IMG_1561,88.69430144009651,2216,meerkat_1,inactive,0.75,363.4428405761719,354.73663330078125,0.4244903500388962
IMG_1561,89.01449747417628,2224,meerkat_2,inactive,0.75,517.5141448974609,363.7752990722656,0.17490167031938586
IMG_1561,89.01449747417628,2224,meerkat_14,inactive,0.75,699.6378784179688,143.53887939453125,0.14961953158435207
IMG_1561,89.01449747417628,2224,meerkat_1,inactive,0.75,363.32957458496094,354.8589630126953,0.16671455599908994
IMG_1561,89.33469350825605,2232,meerkat_2,inactive,0.75,517.2637329101562,364.30665588378906,0.5874063538456465
IMG_1561,89.33469350825605,2232,meerkat_14,inactive,0.75,699.7799377441406,143.43140029907227,0.17813648731545328
IMG_1561,89.33469350825605,2232,meerkat_1,inactive,0.75,363.26963806152344,354.8101806640625,0.07727939168955233
IMG_1561,89.65488954233582,2240,meerkat_2,inactive,0.75,517.1987915039062,364.5458526611328,0.24785577366154507
IMG_1561,89.65488954233582,2240,meerkat_14,inactive,0.75,699.8172607421875,143.92901611328125,0.4990135316142013
IMG_1561,89.65488954233582,2240,meerkat_1,inactive,0.75,363.2234344482422,354.7665710449219,0.06353402837719066
IMG_1561,89.9750855764156,2248,meerkat_2,inactive,0.75,517.2968444824219,364.7123718261719,0.1932434188299621
IMG_1561,89.9750855764156,2248,meerkat_14,inactive,0.75,700.0662231445312,143.93272399902344,0.24899001224436368
IMG_1561,89.9750855764156,2248,meerkat_1,inactive,0.75,363.1880187988281,354.7940979003906,0.04485527834510937
IMG_1561,90.29528161049537,2256,meerkat_2,inactive,0.75,516.9624481201172,364.95030212402344,0.41040437833719695
IMG_1561,90.29528161049537,2256,meerkat_14,inactive,0.75,700.1770324707031,143.84580993652344,0.14082883592119508
IMG_1561,90.29528161049537,2256,meerkat_1,inactive,0.75,362.91224670410156,354.97174072265625,0.32803539524321546
IMG_1561,90.61547764457514,2264,meerkat_2,inactive,0.75,516.9321136474609,364.6973571777344,0.25475738671235715
IMG_1561,90.61547764457514,2264,meerkat_14,inactive,0.75,699.9184265136719,143.85974884033203,0.25898133919538285
IMG_1561,90.61547764457514,2264,meerkat_1,inactive,0.75,363.0207824707031,354.67466735839844,0.3162793012247937
IMG_1561,90.93567367865491,2272,meerkat_2,inactive,0.75,517.0242919921875,364.64404296875,0.10648592449783495
IMG_1561,90.93567367865491,2272,meerkat_14,inactive,0.75,699.4306030273438,143.92462158203125,0.4921181021146244
IMG_1561,90.93567367865491,2272,meerkat_1,inactive,0.75,363.02447509765625,354.35247802734375,0.3222104910447237
IMG_1561,91.25586971273468,2280,meerkat_2,inactive,0.75,517.1451263427734,364.59254455566406,0.13135077781229584
IMG_1561,91.25586971273468,2280,meerkat_14,inactive,0.75,699.1759033203125,143.90044784545898,0.2558443087146358
IMG_1561,91.25586971273468,2280,meerkat_1,inactive,0.75,363.1758575439453,354.1986541748047,0.21582034810096137
IMG_1561,91.57606574681445,2288,meerkat_2,inactive,0.75,517.323486328125,363.8139343261719,0.7987779252360987
IMG_1561,91.57606574681445,2288,meerkat_14,inactive,0.75,699.1319580078125,143.80013275146484,0.10951853073236475
IMG_1561,91.57606574681445,2288,meerkat_1,inactive,0.75,363.1177978515625,353.84791564941406,0.3555115203095069
IMG_1561,91.89626178089422,2296,meerkat_2,inactive,0.75,517.3897857666016,363.54405212402344,0.27790649250925675
IMG_1561,91.89626178089422,2296,meerkat_14,inactive,0.75,699.4054565429688,143.84374237060547,0.2769535116480831
IMG_1561,91.89626178089422,2296,meerkat_1,inactive,0.75,363.19647216796875,354.73394775390625,0.8895181494791691
IMG_1561,92.21645781497399,2304,meerkat_2,inactive,0.75,517.5469207763672,363.3716583251953,0.23326172675438012
IMG_1561,92.21645781497399,2304,meerkat_14,inactive,0.75,699.5227966308594,143.9530487060547,0.16036387122889226
IMG_1561,92.21645781497399,2304,meerkat_1,inactive,0.75,363.3126983642578,355.15528869628906,0.43707747417575776
IMG_1561,92.53665384905376,2312,meerkat_2,inactive,0.75,517.5253143310547,363.3150177001953,0.060621769022626504
IMG_1561,92.53665384905376,2312,meerkat_14,inactive,0.75,699.5499877929688,144.15625381469727,0.2050162810005593
IMG_1561,92.53665384905376,2312,meerkat_1,inactive,0.75,363.43084716796875,355.29359436035156,0.1818999629744183
IMG_1561,92.85684988313353,2320,meerkat_2,inactive,0.75,517.5809478759766,363.1371307373047,0.18638364436566016
IMG_1561,92.85684988313353,2320,meerkat_14,inactive,0.75,699.2358703613281,144.06548690795898,0.3269684881136691
IMG_1561,92.85684988313353,2320,meerkat_1,inactive,0.75,363.2582550048828,355.2361145019531,0.18191203610588078
IMG_1561,93.1770459172133,2328,meerkat_2,inactive,0.75,517.6063079833984,363.1462860107422,0.02696208597576294
IMG_1561,93.1770459172133,2328,meerkat_14,inactive,0.75,699.1306762695312,143.95544052124023,0.15223667159663615
IMG_1561,93.1770459172133,2328,meerkat_1,inactive,0.75,363.25218200683594,355.1724090576172,0.06399425711199856
IMG_1561,93.49724195129308,2336,meerkat_2,inactive,0.75,517.8715362548828,363.03392028808594,0.2880487660495192
IMG_1561,93.49724195129308,2336,meerkat_14,inactive,0.75,699.0877075195312,143.77243423461914,0.18798301630574082
IMG_1561,93.49724195129308,2336,meerkat_1,inactive,0.75,363.5223693847656,354.97015380859375,0.3375031925034969
IMG_1561,93.81743798537285,2344,meerkat_2,inactive,0.75,517.9534912109375,362.99208068847656,0.09201720989792384
IMG_1561,93.81743798537285,2344,meerkat_14,inactive,0.75,699.1311950683594,143.7149658203125,0.07206792314197942
IMG_1561,93.81743798537285,2344,meerkat_1,inactive,0.75,363.54144287109375,354.8695373535156,0.10240834396277247
IMG_1561,94.13763401945262,2352,meerkat_2,inactive,0.75,517.8865203857422,363.71168518066406,0.7227141320077883
IMG_1561,94.13763401945262,2352,meerkat_14,inactive,0.75,699.0632019042969,144.0450897216797,0.33705320145805256
IMG_1561,94.45783005353239,2360,meerkat_2,inactive,0.75,517.7383728027344,363.97142028808594,0.29901510393040287
IMG_1561,94.45783005353239,2360,meerkat_14,inactive,0.75,698.9996337890625,144.15988159179688,0.1312176768558719
IMG_1561,94.77802608761216,2368,meerkat_2,inactive,0.75,517.7148895263672,364.1549987792969,0.18507438154488579
IMG_1561,94.77802608761216,2368,meerkat_14,inactive,0.75,699.1887817382812,144.51914978027344,0.40601795273717844
IMG_1561,94.77802608761216,2368,meerkat_1,inactive,0.75,363.6052551269531,354.7235565185547,0.15931857447816564
IMG_1561,95.09822212169193,2376,meerkat_2,inactive,0.75,517.9416198730469,364.5341033935547,0.4417317722974612
IMG_1561,95.09822212169193,2376,meerkat_14,inactive,0.75,698.74951171875,144.51676177978516,0.4392765104183432
IMG_1561,95.09822212169193,2376,meerkat_1,inactive,0.75,363.56805419921875,354.2207336425781,0.5041971376650602
IMG_1561,95.4184181557717,2384,meerkat_2,inactive,0.75,517.6805114746094,363.8350067138672,0.7462665497559724
IMG_1561,95.4184181557717,2384,meerkat_14,inactive,0.75,698.4423828125,144.57452392578125,0.31251340861536697
IMG_1561,95.4184181557717,2384,meerkat_1,inactive,0.75,363.9237823486328,354.0569763183594,0.3916107474531801
IMG_1561,95.73861418985148,2392,meerkat_2,inactive,0.75,517.4933471679688,363.5729217529297,0.32205435011792155
IMG_1561,95.73861418985148,2392,meerkat_14,inactive,0.75,699.0171508789062,144.6523208618164,0.5800092183895336
IMG_1561,95.73861418985148,2392,meerkat_1,inactive,0.75,363.9923553466797,353.9892883300781,0.09635309968391967
IMG_1561,96.05881022393125,2400,meerkat_2,inactive,0.75,517.4715728759766,363.57318115234375,0.021775837063521958
IMG_1561,96.05881022393125,2400,meerkat_14,inactive,0.75,699.307861328125,144.53838348388672,0.3122407586694278
IMG_1561,96.05881022393125,2400,meerkat_1,inactive,0.75,364.0022888183594,353.9934539794922,0.010771559527386591
IMG_1561,96.37900625801102,2408,meerkat_2,inactive,0.75,517.7866058349609,364.0311584472656,0.5558677611720336
IMG_1561,96.37900625801102,2408,meerkat_14,inactive,0.75,699.5860595703125,144.03242874145508,0.5773945473809765
IMG_1561,96.37900625801102,2408,meerkat_1,inactive,0.75,364.1734313964844,353.4723358154297,0.5485015250326497
IMG_1561,96.69920229209079,2416,meerkat_2,inactive,0.75,517.9624633789062,364.27532958984375,0.30090766462552027
IMG_1561,96.69920229209079,2416,meerkat_14,inactive,0.75,699.7618713378906,143.77617645263672,0.3107652058123504
IMG_1561,96.69920229209079,2416,meerkat_1,inactive,0.75,364.28143310546875,353.22052001953125,0.27399920475707434
IMG_1561,97.01939832617056,2424,meerkat_2,inactive,0.75,517.8312225341797,364.23779296875,0.1365033232111125
IMG_1561,97.01939832617056,2424,meerkat_14,inactive,0.75,699.8221130371094,143.54101943969727,0.24275066026556646
IMG_1561,97.01939832617056,2424,meerkat_1,inactive,0.75,364.3155517578125,353.1088409423828,0.11677456362787374
IMG_1561,97.33959436025033,2432,meerkat_2,inactive,0.75,517.7504425048828,364.1508483886719,0.11867928689609436
IMG_1561,97.33959436025033,2432,meerkat_14,inactive,0.75,699.0558166503906,143.78775024414062,0.8050380377096968
IMG_1561,97.33959436025033,2432,meerkat_1,inactive,0.75,364.50291442871094,353.0287170410156,0.20377588183221043
IMG_1561,97.6597903943301,2440,meerkat_2,inactive,0.75,517.6092224121094,363.9740447998047,0.2262799673838932
IMG_1561,97.6597903943301,2440,meerkat_14,inactive,0.75,699.0982360839844,144.28343963623047,0.49750113746283375
IMG_1561,97.6597903943301,2440,meerkat_1,inactive,0.75,364.58251953125,353.78831481933594,0.763757656052893
IMG_1561,97.97998642840987,2448,meerkat_2,inactive,0.75,517.5268096923828,363.9178009033203,0.09977591024127033
IMG_1561,97.97998642840987,2448,meerkat_14,inactive,0.75,699.5157470703125,144.47323989868164,0.45862791381600126
IMG_1561,97.97998642840987,2448,meerkat_1,inactive,0.75,364.58509826660156,354.1287841796875,0.34047912595960345
IMG_1561,98.30018246248964,2456,meerkat_2,inactive,0.75,517.4131317138672,364.0318908691406,0.16105652144597862
IMG_1561,98.30018246248964,2456,meerkat_14,inactive,0.75,699.1392822265625,144.63270950317383,0.4088475673605098
IMG_1561,98.30018246248964,2456,meerkat_1,inactive,0.75,364.5313415527344,354.34228515625,0.22016460042191124
IMG_1561,98.62037849656942,2464,meerkat_2,inactive,0.75,517.3582611083984,364.0522155761719,0.05851390484674015
IMG_1561,98.62037849656942,2464,meerkat_14,inactive,0.75,699.0574035644531,144.5554542541504,0.11257214935540026
IMG_1561,98.62037849656942,2464,meerkat_1,inactive,0.75,364.4584045410156,354.5802917480469,0.24893160791113964
IMG_1561,98.94057453064919,2472,meerkat_2,inactive,0.75,517.3220672607422,363.95355224609375,0.10509256543766014
IMG_1561,98.94057453064919,2472,meerkat_14,inactive,0.75,698.8759155273438,144.25505447387695,0.35096714319454947
IMG_1561,98.94057453064919,2472,meerkat_1,inactive,0.75,364.3165283203125,354.7192077636719,0.1985611276109377
IMG_1561,99.26077056472896,2480,meerkat_2,inactive,0.75,517.8324584960938,363.9729461669922,0.51075956896715
IMG_1561,99.26077056472896,2480,meerkat_14,inactive,0.75,698.8092956542969,144.39576721191406,0.15568648666689705
IMG_1561,99.26077056472896,2480,meerkat_1,inactive,0.75,364.33203125,354.745849609375,0.030824158891439177
IMG_1561,99.58096659880873,2488,meerkat_2,inactive,0.75,518.0323181152344,364.0325622558594,0.2085616105970993
IMG_1561,99.58096659880873,2488,meerkat_14,inactive,0.75,698.6986389160156,144.43628692626953,0.11784210189271846
IMG_1561,99.58096659880873,2488,meerkat_1,inactive,0.75,364.33355712890625,354.7796630859375,0.03384788772847244
IMG_1561,99.90116263288849,2496,meerkat_2,inactive,0.75,517.6807250976562,363.7578430175781,0.44619313070857775
IMG_1561,99.90116263288849,2496,meerkat_14,inactive,0.75,699.2819213867188,144.74235153198242,0.6587062953241977
IMG_1561,99.90116263288849,2496,meerkat_1,inactive,0.75,364.23980712890625,355.2071533203125,0.4376493607741161
IMG_1561,100.22135866696826,2504,meerkat_2,inactive,0.75,517.5409240722656,363.5285949707031,0.26851255779995165
IMG_1561,100.22135866696826,2504,meerkat_14,inactive,0.75,699.1773071289062,144.27666091918945,0.47729643805621574
IMG_1561,100.22135866696826,2504,meerkat_1,inactive,0.75,364.02732849121094,355.17840576171875,0.21441453682518116
IMG_1561,100.54155470104803,2512,meerkat_2,inactive,0.75,517.6847076416016,363.60870361328125,0.16459377092311886
IMG_1561,100.54155470104803,2512,meerkat_14,inactive,0.75,699.3998413085938,143.80946731567383,0.5174855788281482
IMG_1561,100.54155470104803,2512,meerkat_1,inactive,0.75,363.7688903808594,355.2853698730469,0.2796990847219596
IMG_1561,100.8617507351278,2520,meerkat_2,inactive,0.75,517.1407775878906,363.9852600097656,0.6615547014898172
IMG_1561,100.8617507351278,2520,meerkat_14,inactive,0.75,698.9925231933594,143.6624984741211,0.43302180936465123
IMG_1561,100.8617507351278,2520,meerkat_1,inactive,0.75,363.56434631347656,355.25904846191406,0.2062306771203719
IMG_1561,101.18194676920757,2528,meerkat_2,inactive,0.75,516.6958312988281,364.2164611816406,0.5014291395869043
IMG_1561,101.18194676920757,2528,meerkat_14,inactive,0.75,698.7179260253906,143.6041374206543,0.2807305063904032
IMG_1561,101.18194676920757,2528,meerkat_1,inactive,0.75,363.47894287109375,355.156982421875,0.1330835245253517
IMG_1561,101.50214280328734,2536,meerkat_2,inactive,0.75,516.6071472167969,364.31158447265625,0.13005117031141536
IMG_1561,101.50214280328734,2536,meerkat_14,inactive,0.75,698.6629333496094,143.9391098022461,0.33945646380480377
IMG_1561,101.50214280328734,2536,meerkat_1,inactive,0.75,363.4273376464844,355.1473846435547,0.052490156750288945
IMG_1561,101.82233883736711,2544,meerkat_2,inactive,0.75,516.5489196777344,364.31365966796875,0.05826450669884699
IMG_1561,101.82233883736711,2544,meerkat_14,inactive,0.75,699.2552490234375,144.24386596679688,0.6661187411371704
IMG_1561,101.82233883736711,2544,meerkat_1,inactive,0.75,363.4314880371094,355.1476593017578,0.0041594686521996705
IMG_1561,102.14253487144688,2552,meerkat_2,inactive,0.75,516.9844818115234,363.6762237548828,0.7720355663326555
IMG_1561,102.14253487144688,2552,meerkat_14,inactive,0.75,699.2486572265625,144.28729248046875,0.04392395560209492
IMG_1561,102.14253487144688,2552,meerkat_1,inactive,0.75,363.2414245605469,355.16075134277344,0.19051384900048288
IMG_1561,102.46273090552666,2560,meerkat_2,inactive,0.75,517.1289520263672,363.1371154785156,0.5581302505908446
IMG_1561,102.46273090552666,2560,meerkat_14,inactive,0.75,699.5989379882812,144.19561004638672,0.36208048932450604
IMG_1561,102.46273090552666,2560,meerkat_1,inactive,0.75,363.2412109375,355.17369079589844,0.012941216402650425
IMG_1561,102.78292693960643,2568,meerkat_2,inactive,0.75,517.1875305175781,362.9562530517578,0.19011222224064125
IMG_1561,102.78292693960643,2568,meerkat_14,inactive,0.75,698.8884582519531,144.4947509765625,0.7708869903165533
IMG_1561,102.78292693960643,2568,meerkat_1,inactive,0.75,363.24281311035156,355.12034606933594,0.05336878122904979
IMG_1561,103.1031229736862,2576,meerkat_2,inactive,0.75,517.2070465087891,362.8391571044922,0.11871114007952001
IMG_1561,103.1031229736862,2576,meerkat_14,inactive,0.75,699.1636962890625,144.3701629638672,0.3021227399240068
IMG_1561,103.42331900776597,2584,meerkat_2,inactive,0.75,517.8423614501953,363.3943176269531,0.8436991646749024
IMG_1561,103.42331900776597,2584,meerkat_14,inactive,0.75,699.4224853515625,144.73099899291992,0.44404326223035373
IMG_1561,103.74351504184574,2592,meerkat_2,inactive,0.75,517.9934387207031,362.86683654785156,0.5486899219725468
IMG_1561,103.74351504184574,2592,meerkat_14,inactive,0.75,699.7215576171875,144.85446548461914,0.32355555108602885
IMG_1561,104.06371107592551,2600,meerkat_14,inactive,0.75,699.7723388671875,145.078125,0.22935194390273514
IMG_1561,104.38390711000528,2608,meerkat_14,inactive,0.75,699.3765563964844,144.4192886352539,0.7685760337323289
IMG_1561,104.70410314408505,2616,meerkat_14,inactive,0.75,699.4160461425781,144.3530731201172,0.07709691622477434
IMG_1561,105.02429917816482,2624,meerkat_14,inactive,0.75,699.4305725097656,144.41411590576172,0.0627474065034585
IMG_1561,105.3444952122446,2632,meerkat_14,inactive,0.75,699.4024963378906,144.53916549682617,0.12816267651910793
IMG_1561,105.66469124632437,2640,meerkat_14,inactive,0.75,699.5204772949219,144.2871856689453,0.2782325284377748
IMG_1561,105.98488728040414,2648,meerkat_14,inactive,0.75,699.3526306152344,144.36085510253906,0.1833021912802522
IMG_1561,106.30508331448391,2656,meerkat_14,inactive,0.75,699.0678405761719,144.46349334716797,0.30272095337079574
IMG_1561,106.62527934856368,2664,meerkat_14,inactive,0.75,699.0149230957031,144.61273956298828,0.15834990582833902
IMG_1561,106.94547538264345,2672,meerkat_14,inactive,0.75,699.5317687988281,144.98080444335938,0.6345086579404281
IMG_1561,107.26567141672322,2680,meerkat_14,inactive,0.75,699.5431518554688,145.62271118164062,0.6420076593229685
IMG_1561,107.585867450803,2688,meerkat_14,inactive,0.75,699.7342529296875,145.86703872680664,0.3101863470470801
IMG_1561,107.90606348488276,2696,meerkat_14,inactive,0.75,699.3809814453125,145.50497436523438,0.5058570386910201
IMG_1561,107.90606348488276,2696,meerkat_89,inactive,0.75,602.3632202148438,488.2964324951172,0.0
IMG_1561,108.22625951896254,2704,meerkat_14,inactive,0.75,699.3288879394531,145.28285598754883,0.22814536387658635
IMG_1561,108.22625951896254,2704,meerkat_89,inactive,0.75,606.0439453125,487.6012420654297,3.745801246468598
IMG_1561,108.5464555530423,2712,meerkat_14,inactive,0.75,699.6691284179688,145.13487243652344,0.3710292637981887
IMG_1561,108.5464555530423,2712,meerkat_89,inactive,0.75,603.4355163574219,488.2297821044922,2.6830885550787635
IMG_1561,108.86665158712208,2720,meerkat_14,inactive,0.75,700.3232116699219,144.81578063964844,0.7277667726122782
IMG_1561,108.86665158712208,2720,meerkat_89,social_contact,0.7,600.6899719238281,488.69158935546875,2.784112097939333
IMG_1561,108.86665158712208,2720,meerkat_91,social_contact,0.7,591.2686157226562,488.73358154296875,0.0
IMG_1561,109.18684762120185,2728,meerkat_14,inactive,0.75,700.9975891113281,144.40178298950195,0.7913147210841278
IMG_1561,109.18684762120185,2728,meerkat_89,social_contact,0.7,602.3580322265625,488.2972869873047,1.7140302013377953
IMG_1561,109.18684762120185,2728,meerkat_91,social_contact,0.7,590.6361694335938,488.4029083251953,0.7136757565600548
IMG_1561,109.50704365528162,2736,meerkat_14,inactive,0.75,700.9912109375,144.3030548095703,0.0989339911961313
IMG_1561,109.82723968936139,2744,meerkat_14,inactive,0.75,701.0394592285156,145.47813415527344,1.176069456402985
IMG_1561,109.82723968936139,2744,meerkat_89,exploratory,0.7,606.9124450683594,487.22654724121094,4.678585249558802
IMG_1561,110.14743572344116,2752,meerkat_14,inactive,0.75,700.2470397949219,145.54544067382812,0.7952727369758076
IMG_1561,110.14743572344116,2752,meerkat_89,social_contact,0.7,603.8258666992188,487.13787841796875,3.08785171098969
IMG_1561,110.14743572344116,2752,meerkat_91,social_contact,0.7,590.7897644042969,487.9183044433594,0.5083624074572717
IMG_1561,110.46763175752093,2760,meerkat_14,inactive,0.75,699.9385986328125,145.20820236206055,0.4570181937376541
IMG_1561,110.46763175752093,2760,meerkat_89,inactive,0.75,604.1243286132812,485.47572326660156,1.6887389559556945
IMG_1561,110.7878277916007,2768,meerkat_14,inactive,0.75,698.8898010253906,144.6034812927246,1.2106461056116478
IMG_1561,110.7878277916007,2768,meerkat_89,inactive,0.75,604.4686889648438,486.0592803955078,0.6775861380116585
IMG_1561,111.10802382568048,2776,meerkat_14,inactive,0.75,698.1339721679688,144.64806365966797,0.7571425553711332
IMG_1561,111.10802382568048,2776,meerkat_89,inactive,0.75,605.9762268066406,486.2618865966797,1.521091587381535
IMG_1561,111.42821985976025,2784,meerkat_14,inactive,0.75,698.7066955566406,144.26602172851562,0.6884534240530784
IMG_1561,111.42821985976025,2784,meerkat_89,inactive,0.75,605.385009765625,486.4866027832031,0.6324831650509819
IMG_1561,111.74841589384002,2792,meerkat_14,inactive,0.75,698.8338012695312,145.01091384887695,0.7556587412488718
IMG_1561,111.74841589384002,2792,meerkat_89,inactive,0.75,605.065185546875,487.94036865234375,1.4885303937700582
IMG_1561,112.06861192791979,2800,meerkat_14,inactive,0.75,699.9973449707031,146.06514358520508,1.5701064554657476
IMG_1561,112.06861192791979,2800,meerkat_89,inactive,0.75,604.9730834960938,486.7144775390625,1.2293460901552722
IMG_1561,112.38880796199956,2808,meerkat_14,inactive,0.75,700.2746887207031,146.20904922485352,0.31245541887873934
IMG_1561,112.70900399607933,2816,meerkat_14,inactive,0.75,700.8515014648438,146.04011154174805,0.6010431619909521
IMG_1561,112.70900399607933,2816,meerkat_93,inactive,0.75,622.0108947753906,463.98387145996094,0.0
IMG_1561,112.70900399607933,2816,meerkat_1,inactive,0.75,364.01605224609375,354.865966796875,0.8140071101047466
IMG_1561,113.0292000301591,2824,meerkat_14,inactive,0.75,701.1424560546875,146.0109519958496,0.292412127771999
IMG_1561,113.0292000301591,2824,meerkat_93,inactive,0.75,621.0270080566406,464.63853454589844,1.1817854422110015
IMG_1561,113.0292000301591,2824,meerkat_1,inactive,0.75,364.0731964111328,354.84075927734375,0.0624569823072646
IMG_1561,113.34939606423886,2832,meerkat_14,inactive,0.75,701.1989135742188,145.77832794189453,0.23937711250267135
IMG_1561,113.34939606423886,2832,meerkat_93,inactive,0.75,621.8960876464844,464.5120391845703,0.8782371034752026
IMG_1561,113.34939606423886,2832,meerkat_1,inactive,0.75,364.117431640625,354.7574157714844,0.0943551561768522
IMG_1561,113.66959209831863,2840,meerkat_14,inactive,0.75,700.9504089355469,145.96948623657227,0.31352200730656643
IMG_1561,113.9897881323984,2848,meerkat_14,inactive,0.75,700.259765625,146.1258888244629,0.7081313097879742
IMG_1561,114.30998416647817,2856,meerkat_14,inactive,0.75,700.5083312988281,146.42485809326172,0.3888026721766914
IMG_1561,114.63018020055794,2864,meerkat_0,inactive,0.75,599.1522827148438,391.5542449951172,0.0
IMG_1561,114.63018020055794,2864,meerkat_1,active_movement,0.8,700.5636291503906,146.86954498291016,395.4913534323945
IMG_1561,114.95037623463772,2872,focal_group,out_of_view,1.0,,,
IMG_1561,115.27057226871749,2880,meerkat_14,inactive,0.75,701.0757141113281,146.61270904541016,0.5976715119055657
IMG_1561,115.59076830279726,2888,meerkat_14,inactive,0.75,701.0945434570312,146.5560188293457,0.059735457284950715
IMG_1561,115.91096433687703,2896,meerkat_14,inactive,0.75,701.384521484375,146.46021270751953,0.3053949399082177
IMG_1561,116.2311603709568,2904,meerkat_14,inactive,0.75,701.1281433105469,146.58016204833984,0.2830505473915777
IMG_1561,116.55135640503657,2912,meerkat_14,inactive,0.75,701.0881652832031,146.57602310180664,0.04019170994996775
IMG_1561,116.55135640503657,2912,meerkat_101,inactive,0.75,519.7742462158203,355.1628875732422,0.0
IMG_1561,116.87155243911634,2920,meerkat_14,inactive,0.75,701.2683715820312,146.31333923339844,0.31855474389691585
IMG_1561,116.87155243911634,2920,meerkat_101,inactive,0.75,519.90673828125,352.2860870361328,2.8798499054142757
IMG_1561,117.19174847319611,2928,meerkat_14,social_contact,0.7,701.5768737792969,146.38491439819336,0.3166964002528902
IMG_1561,117.19174847319611,2928,meerkat_104,social_contact,0.7,709.0513305664062,98.39579772949219,0.0
IMG_1561,117.51194450727589,2936,meerkat_14,social_contact,0.7,701.3443298339844,146.63784790039062,0.3435870239623103
IMG_1561,117.51194450727589,2936,meerkat_104,social_contact,0.7,708.58447265625,97.28679275512695,1.203265698606212
IMG_1561,117.51194450727589,2936,meerkat_101,inactive,0.75,518.9275512695312,353.34681701660156,1.4435911108703636
IMG_1561,117.83214054135566,2944,meerkat_14,social_contact,0.7,700.7433166503906,145.05059051513672,1.6972338830864067
IMG_1561,117.83214054135566,2944,meerkat_104,social_contact,0.7,711.126220703125,92.39929580688477,5.508911830195649
IMG_1561,117.83214054135566,2944,meerkat_101,inactive,0.75,518.5504608154297,353.2998962402344,0.3799983813510555
IMG_1561,118.15233657543543,2952,meerkat_14,social_contact,0.7,698.9485168457031,145.4269142150879,1.833828199709893
IMG_1561,118.15233657543543,2952,meerkat_104,social_contact,0.7,712.0005798339844,90.57487678527832,2.023118547222723
IMG_1561,118.15233657543543,2952,meerkat_101,inactive,0.75,518.1780090332031,351.94989013671875,1.400441648057206
IMG_1561,118.4725326095152,2960,meerkat_104,inactive,0.75,713.1880493164062,89.81290626525879,1.4109156052231155
IMG_1561,118.4725326095152,2960,meerkat_101,inactive,0.75,518.3958587646484,352.0973663330078,0.2630736284059747
IMG_1561,118.79272864359497,2968,meerkat_104,inactive,0.75,713.0537719726562,89.44953727722168,0.38738537209304713
IMG_1561,118.79272864359497,2968,meerkat_101,inactive,0.75,518.6346130371094,351.3622589111328,0.7729078368822901
IMG_1561,119.11292467767474,2976,meerkat_104,inactive,0.75,712.9903869628906,89.82698249816895,0.3827303937224199
IMG_1561,119.43312071175451,2984,meerkat_104,inactive,0.75,713.7247619628906,90.29247856140137,0.8694787090607123
IMG_1561,119.43312071175451,2984,meerkat_101,exploratory,0.7,518.0537567138672,358.9584197998047,7.618336715769311
IMG_1561,119.75331674583428,2992,meerkat_104,inactive,0.75,713.5385131835938,89.77887916564941,0.5463267768527801
IMG_1561,120.07351277991405,3000,meerkat_104,inactive,0.75,713.2470397949219,90.04912948608398,0.39748203984438574
IMG_1561,120.39370881399383,3008,meerkat_104,social_contact,0.7,713.1218872070312,87.41682624816895,2.63527674193693
IMG_1561,120.39370881399383,3008,meerkat_14,social_contact,0.7,698.6903991699219,145.06250381469727,0.44656430048042367
IMG_1561,120.7139048480736,3016,meerkat_104,social_contact,0.7,712.70166015625,79.52862930297852,7.89938236954763
IMG_1561,120.7139048480736,3016,meerkat_14,social_contact,0.7,698.9738159179688,145.36861419677734,0.41716737539107396
IMG_1561,120.7139048480736,3016,meerkat_101,exploratory,0.7,515.1107635498047,351.2489776611328,8.252072882206518
IMG_1561,121.03410088215337,3024,meerkat_104,social_contact,0.7,712.5552368164062,76.04544734954834,3.486258211199029
IMG_1561,121.03410088215337,3024,meerkat_14,social_contact,0.7,699.0654907226562,145.40826416015625,0.09988187728732315
IMG_1561,121.03410088215337,3024,meerkat_101,inactive,0.75,516.0928802490234,349.80914306640625,1.7428932471771577
IMG_1561,121.35429691623314,3032,meerkat_104,social_contact,0.7,712.4020080566406,74.81007099151611,1.2448428811718688
IMG_1561,121.35429691623314,3032,meerkat_14,social_contact,0.7,698.8637390136719,145.29793167114258,0.2299500167646612
IMG_1561,121.35429691623314,3032,meerkat_101,inactive,0.75,516.9888763427734,351.20225524902344,1.6563727096797034
IMG_1561,121.67449295031291,3040,meerkat_104,social_contact,0.7,712.6065979003906,73.76529884338379,1.0646153510440663
IMG_1561,121.67449295031291,3040,meerkat_14,social_contact,0.7,698.9219970703125,145.35805892944336,0.08372149278596948
IMG_1561,121.67449295031291,3040,meerkat_101,inactive,0.75,517.3644561767578,353.9692687988281,2.7923868278765513
IMG_1561,121.99468898439268,3048,meerkat_104,inactive,0.75,712.4312133789062,74.01563739776611,0.30566177743796347
IMG_1561,121.99468898439268,3048,meerkat_14,inactive,0.75,698.9847106933594,145.42656707763672,0.09287822610573923
IMG_1561,121.99468898439268,3048,meerkat_101,inactive,0.75,515.7567443847656,353.53485107421875,1.665369618302651
IMG_1561,122.31488501847245,3056,meerkat_104,social_contact,0.7,712.0945739746094,74.40308570861816,0.5132662877176546
IMG_1561,122.31488501847245,3056,meerkat_14,social_contact,0.7,699.5366516113281,145.6917381286621,0.61233525395007
IMG_1561,122.31488501847245,3056,meerkat_101,social_contact,0.7,515.7571868896484,349.2024383544922,4.332412742324891
IMG_1561,122.31488501847245,3056,meerkat_109,social_contact,0.7,510.6870422363281,365.40367126464844,0.0
IMG_1561,122.63508105255222,3064,meerkat_14,inactive,0.75,699.137939453125,143.59096908569336,2.1382707866392487
IMG_1561,122.63508105255222,3064,meerkat_101,social_contact,0.7,515.3114471435547,348.66041564941406,0.7017638734417218
IMG_1561,122.63508105255222,3064,meerkat_109,social_contact,0.7,509.6166534423828,365.2960205078125,1.0757884809064702
IMG_1561,122.955277086632,3072,meerkat_14,social_contact,0.7,698.6400451660156,144.35121536254883,0.9087756173053692
IMG_1561,122.955277086632,3072,meerkat_109,inactive,0.75,513.3644409179688,364.9073486328125,3.767887576424598
IMG_1561,122.955277086632,3072,meerkat_104,social_contact,0.7,711.4358215332031,74.85446739196777,0.7985613333503081
IMG_1561,123.27547312071177,3080,meerkat_14,inactive,0.75,698.6418151855469,144.0150146484375,0.3362053734521624
IMG_1561,123.27547312071177,3080,meerkat_104,inactive,0.75,711.7294311523438,73.74389743804932,1.14872635166011
IMG_1561,123.27547312071177,3080,meerkat_101,exploratory,0.7,520.7071990966797,342.0812530517578,8.508790726422362
IMG_1561,123.59566915479154,3088,meerkat_14,inactive,0.75,698.7401123046875,144.03813934326172,0.10098056814090262
IMG_1561,123.59566915479154,3088,meerkat_104,inactive,0.75,711.8590393066406,73.34724140167236,0.41729400289785773
IMG_1561,123.91586518887131,3096,meerkat_14,inactive,0.75,698.9200744628906,143.9400634765625,0.20495183339977596
IMG_1561,123.91586518887131,3096,meerkat_104,inactive,0.75,711.9490661621094,72.95570373535156,0.4017543762717837
IMG_1561,124.23606122295108,3104,meerkat_14,inactive,0.75,698.7362670898438,143.54181289672852,0.438621334096391
IMG_1561,124.23606122295108,3104,meerkat_104,inactive,0.75,710.6689453125,73.33232307434082,1.3343730798038955
IMG_1561,124.55625725703085,3112,meerkat_14,social_contact,0.7,698.4739379882812,143.43017578125,0.2850954280218325
IMG_1561,124.55625725703085,3112,meerkat_104,social_contact,0.7,709.81005859375,73.19237041473389,0.8702144233326611
IMG_1561,124.87645329111062,3120,meerkat_14,social_contact,0.7,698.2763977050781,143.62387466430664,0.2766612021685747
IMG_1561,124.87645329111062,3120,meerkat_104,social_contact,0.7,709.3166198730469,73.16038990020752,0.49447398758530037
IMG_1561,124.87645329111062,3120,meerkat_118,inactive,0.75,496.90171813964844,392.75274658203125,0.0
IMG_1561,125.19664932519039,3128,meerkat_14,social_contact,0.7,698.2344055175781,143.55470657348633,0.08091704763992662
IMG_1561,125.19664932519039,3128,meerkat_104,social_contact,0.7,709.0708312988281,73.58914852142334,0.4942124831318785
IMG_1561,125.51684535927016,3136,meerkat_14,social_contact,0.7,698.4712524414062,143.87134552001953,0.3954196350568625
IMG_1561,125.51684535927016,3136,meerkat_104,social_contact,0.7,709.0736083984375,74.3511381149292,0.761994654110818
IMG_1561,125.83704139334993,3144,meerkat_14,social_contact,0.7,698.5652770996094,144.07981872558594,0.22869567942868435
IMG_1561,125.83704139334993,3144,meerkat_104,social_contact,0.7,709.0317077636719,74.80980587005615,0.4605776512022277
IMG_1561,126.1572374274297,3152,meerkat_14,social_contact,0.7,698.6335144042969,144.30527877807617,0.23556010914395917
IMG_1561,126.1572374274297,3152,meerkat_104,social_contact,0.7,708.6181335449219,75.3528995513916,0.6826378110837132
IMG_1561,126.47743346150946,3160,meerkat_14,inactive,0.75,698.5757446289062,144.44195556640625,0.14838426943887362
IMG_1561,126.47743346150946,3160,meerkat_104,inactive,0.75,708.6080627441406,75.2577543258667,0.09567672114239782
IMG_1561,126.79762949558923,3168,meerkat_14,inactive,0.75,699.0686950683594,144.49926376342773,0.4962704557022132
IMG_1561,126.79762949558923,3168,meerkat_104,inactive,0.75,708.5898132324219,74.3613862991333,0.8965537820052399
IMG_1561,127.117825529669,3176,meerkat_14,inactive,0.75,699.3582458496094,144.6987533569336,0.3516187606479756
IMG_1561,127.117825529669,3176,meerkat_104,inactive,0.75,709.3936462402344,73.84190082550049,0.9570855038941913
IMG_1561,127.43802156374878,3184,meerkat_14,inactive,0.75,699.2823181152344,144.9979591369629,0.30868935785067253
IMG_1561,127.43802156374878,3184,meerkat_104,inactive,0.75,708.6604309082031,74.14405822753906,0.7930345633907747
IMG_1561,127.75821759782855,3192,meerkat_14,inactive,0.75,699.0210876464844,145.1027488708496,0.28146446690727067
IMG_1561,127.75821759782855,3192,meerkat_104,inactive,0.75,708.4281005859375,74.00484943389893,0.2708439899107812
IMG_1561,127.75821759782855,3192,meerkat_131,inactive,0.75,447.6644744873047,364.25885009765625,0.0
IMG_1561,128.07841363190832,3200,meerkat_14,inactive,0.75,698.8028564453125,145.35581588745117,0.3341672815470343
IMG_1561,128.07841363190832,3200,meerkat_131,inactive,0.75,446.5198059082031,366.2785949707031,2.321558853051442
IMG_1561,128.3986096659881,3208,meerkat_14,inactive,0.75,698.762451171875,145.20802307128906,0.1532165220551824
IMG_1561,128.3986096659881,3208,meerkat_131,inactive,0.75,445.8576965332031,366.23460388183594,0.6635691677305474
IMG_1561,128.71880570006786,3216,meerkat_14,inactive,0.75,698.9108276367188,144.95405197143555,0.29413754415295745
IMG_1561,128.71880570006786,3216,meerkat_131,inactive,0.75,446.0138397216797,363.7524108886719,2.487099264327903
IMG_1561,129.03900173414763,3224,meerkat_14,social_contact,0.7,698.7926330566406,144.6574363708496,0.31929731171871883
IMG_1561,129.03900173414763,3224,meerkat_131,inactive,0.75,446.04608154296875,363.8219299316406,0.07663179741678224
IMG_1561,129.03900173414763,3224,meerkat_146,social_contact,0.7,706.8338928222656,95.97558975219727,0.0
IMG_1561,129.3591977682274,3232,meerkat_14,social_contact,0.7,698.7937927246094,144.45713806152344,0.20030166636531155
IMG_1561,129.3591977682274,3232,meerkat_131,inactive,0.75,446.03981018066406,363.44435119628906,0.3776308135929084
IMG_1561,129.3591977682274,3232,meerkat_146,social_contact,0.7,707.2297973632812,95.82328414916992,0.42419029021220594
IMG_1561,129.67939380230717,3240,meerkat_14,social_contact,0.7,698.7030944824219,144.52430725097656,0.11286217766679944
IMG_1561,129.67939380230717,3240,meerkat_131,inactive,0.75,446.1730041503906,363.6028289794922,0.20701652431749776
IMG_1561,129.67939380230717,3240,meerkat_146,social_contact,0.7,707.4581604003906,95.07477951049805,0.7825655696688502
IMG_1561,129.67939380230717,3240,meerkat_149,inactive,0.75,855.0982971191406,272.1583938598633,0.0
IMG_1561,129.99958983638695,3248,meerkat_14,inactive,0.75,699.1416931152344,144.06992721557617,0.6315298704538483
IMG_1561,129.99958983638695,3248,meerkat_131,inactive,0.75,445.91603088378906,364.8291931152344,1.2529981058176267
IMG_1561,129.99958983638695,3248,meerkat_149,inactive,0.75,856.5357360839844,272.11952209472656,1.4379644612353657
IMG_1561,130.31978587046672,3256,meerkat_14,social_contact,0.7,699.2959899902344,143.85448837280273,0.26499324634851273
IMG_1561,130.31978587046672,3256,meerkat_131,inactive,0.75,445.698486328125,365.8090057373047,1.0036724605504403
IMG_1561,130.31978587046672,3256,meerkat_149,exploratory,0.7,861.6627502441406,270.7094421386719,5.31738654612488
IMG_1561,130.31978587046672,3256,meerkat_146,social_contact,0.7,709.90869140625,96.09101867675781,2.6528935624556262
IMG_1561,130.6399819045465,3264,meerkat_14,social_contact,0.7,699.1485900878906,143.56951141357422,0.32084045646096143
IMG_1561,130.6399819045465,3264,meerkat_131,inactive,0.75,445.70668029785156,364.46034240722656,1.3486882215832159
IMG_1561,130.6399819045465,3264,meerkat_149,inactive,0.75,863.0136108398438,271.2895736694336,1.4701622162221883
IMG_1561,130.6399819045465,3264,meerkat_146,social_contact,0.7,709.6588134765625,96.39620971679688,0.39443700468520426
IMG_1561,130.96017793862626,3272,meerkat_14,inactive,0.75,698.9228210449219,143.14097595214844,0.48437000574192507
IMG_1561,130.96017793862626,3272,meerkat_131,inactive,0.75,445.57078552246094,362.84912109375,1.6169420246191908
IMG_1561,131.28037397270603,3280,meerkat_14,social_contact,0.7,698.0383911132812,142.7422218322754,0.9701655281948379
IMG_1561,131.28037397270603,3280,meerkat_131,inactive,0.75,445.5475769042969,361.8347625732422,1.0146239934497328
IMG_1561,131.28037397270603,3280,meerkat_146,social_contact,0.7,709.8751831054688,95.03040313720703,1.3828389021010135
IMG_1561,131.6005700067858,3288,meerkat_14,social_contact,0.7,697.8558044433594,142.59429168701172,0.23499195711958057
IMG_1561,131.6005700067858,3288,meerkat_131,inactive,0.75,445.59381103515625,361.62042236328125,0.21926997163866416
IMG_1561,131.6005700067858,3288,meerkat_146,social_contact,0.7,709.9061584472656,94.52018356323242,0.511158963010789
IMG_1561,131.92076604086557,3296,meerkat_14,social_contact,0.7,697.8459777832031,142.49921035766602,0.09558777348579942
IMG_1561,131.92076604086557,3296,meerkat_131,inactive,0.75,445.6977844238281,361.8395080566406,0.2425056836172523
IMG_1561,131.92076604086557,3296,meerkat_146,social_contact,0.7,709.9463195800781,94.37405395507812,0.1515479428039576
IMG_1561,132.24096207494534,3304,meerkat_14,inactive,0.75,697.9934692382812,142.36217880249023,0.2013240582616885
IMG_1561,132.24096207494534,3304,meerkat_131,inactive,0.75,445.80470275878906,362.0373229980469,0.22486058212674215
IMG_1561,132.56115810902511,3312,meerkat_14,social_contact,0.7,698.1376953125,142.6721420288086,0.34187477554543105
IMG_1561,132.56115810902511,3312,meerkat_131,inactive,0.75,446.2588806152344,361.8666229248047,0.48519690878049404
IMG_1561,132.56115810902511,3312,meerkat_146,social_contact,0.7,710.46875,94.81666564941406,0.6847179387329326
IMG_1561,132.8813541431049,3320,meerkat_14,inactive,0.75,698.6544494628906,144.01539993286133,1.4392277959885578
IMG_1561,132.8813541431049,3320,meerkat_131,inactive,0.75,446.3980712890625,361.62742614746094,0.2767474335425046
IMG_1561,133.20155017718466,3328,meerkat_14,inactive,0.75,698.5702819824219,144.4059944152832,0.39956002611230995
IMG_1561,133.20155017718466,3328,meerkat_131,inactive,0.75,446.65419006347656,362.0699768066406,0.5113197752363362
IMG_1561,133.52174621126443,3336,meerkat_14,inactive,0.75,698.6405029296875,143.82989501953125,0.5803632442019802
IMG_1561,133.52174621126443,3336,meerkat_131,inactive,0.75,446.6764831542969,364.06764221191406,1.997789792076386
IMG_1561,133.8419422453442,3344,meerkat_14,inactive,0.75,698.6947937011719,143.84302139282227,0.05585507626119325
IMG_1561,133.8419422453442,3344,meerkat_131,inactive,0.75,446.6470947265625,365.41075134277344,1.3434306149118846
IMG_1561,134.16213827942397,3352,meerkat_14,inactive,0.75,698.2095642089844,143.60492706298828,0.5404965957225201
IMG_1561,134.16213827942397,3352,meerkat_131,inactive,0.75,446.42344665527344,365.4778747558594,0.23350377379310808
IMG_1561,134.48233431350374,3360,meerkat_14,inactive,0.75,698.1242065429688,143.7511444091797,0.16930872238278963
IMG_1561,134.48233431350374,3360,meerkat_131,inactive,0.75,446.25538635253906,365.2140808105469,0.31278029180033706
IMG_1561,134.8025303475835,3368,meerkat_14,social_contact,0.7,698.1982116699219,144.2807388305664,0.534740133129431
IMG_1561,134.8025303475835,3368,meerkat_131,inactive,0.75,446.3030242919922,365.7234344482422,0.5115764864698018
IMG_1561,134.8025303475835,3368,meerkat_146,social_contact,0.7,708.9030151367188,99.71406173706055,5.141596454544974
IMG_1561,135.12272638166328,3376,meerkat_14,social_contact,0.7,698.1130676269531,144.91447830200195,0.6394335193813901
IMG_1561,135.12272638166328,3376,meerkat_131,inactive,0.75,446.4417419433594,366.1842956542969,0.48128540186360286
IMG_1561,135.12272638166328,3376,meerkat_146,social_contact,0.7,708.8424377441406,100.92297744750977,1.2104324910801525
IMG_1561,135.44292241574306,3384,meerkat_14,social_contact,0.7,697.9058837890625,145.24484634399414,0.3899592104987912
IMG_1561,135.44292241574306,3384,meerkat_131,inactive,0.75,446.324951171875,364.02027893066406,2.1671659983643172
IMG_1561,135.44292241574306,3384,meerkat_146,social_contact,0.7,708.7003479003906,101.47031021118164,0.565475620947174
IMG_1561,135.76311844982283,3392,meerkat_14,social_contact,0.7,697.7345581054688,145.48119735717773,0.2919148699394689
IMG_1561,135.76311844982283,3392,meerkat_131,inactive,0.75,446.0731506347656,364.35821533203125,0.4214315150265516
IMG_1561,135.76311844982283,3392,meerkat_146,social_contact,0.7,709.3369445800781,101.90580368041992,0.7713040219902547
IMG_1561,136.0833144839026,3400,meerkat_14,social_contact,0.7,697.6213684082031,145.2527732849121,0.25493031274741595
IMG_1561,136.0833144839026,3400,meerkat_131,inactive,0.75,446.2058410644531,364.8800506591797,0.5384411377214506
IMG_1561,136.0833144839026,3400,meerkat_146,social_contact,0.7,709.111083984375,101.66315078735352,0.33150178763449717
IMG_1561,136.0833144839026,3400,meerkat_153,inactive,0.75,346.90733337402344,683.6977844238281,0.0
IMG_1561,136.40351051798237,3408,meerkat_14,social_contact,0.7,697.7428894042969,145.2770118713379,0.12391473505413822
IMG_1561,136.40351051798237,3408,meerkat_131,inactive,0.75,446.2720031738281,364.979736328125,0.119643877026883
IMG_1561,136.40351051798237,3408,meerkat_146,social_contact,0.7,709.1639099121094,101.48497772216797,0.18583923105364633
IMG_1561,136.72370655206214,3416,meerkat_14,social_contact,0.7,697.8032531738281,145.27534103393555,0.06038688905422217
IMG_1561,136.72370655206214,3416,meerkat_131,inactive,0.75,446.3543243408203,365.39903259277344,0.42730098535234873
IMG_1561,136.72370655206214,3416,meerkat_146,social_contact,0.7,709.5168762207031,101.48381805419922,0.3529682136285024
IMG_1561,137.0439025861419,3424,meerkat_14,inactive,0.75,697.9540710449219,145.04544067382812,0.2749549159749162
IMG_1561,137.0439025861419,3424,meerkat_131,inactive,0.75,446.3630676269531,365.93446350097656,0.5355022899219232
IMG_1561,137.0439025861419,3424,meerkat_155,inactive,0.75,279.2687225341797,678.4966125488281,0.0
IMG_1561,137.36409862022168,3432,meerkat_14,inactive,0.75,698.0403137207031,145.22792434692383,0.20183679068100852
IMG_1561,137.36409862022168,3432,meerkat_131,inactive,0.75,448.0804443359375,368.1571350097656,2.808852327293952
IMG_1561,137.36409862022168,3432,meerkat_155,inactive,0.75,278.245361328125,676.8860473632812,1.9081898162796447
IMG_1561,137.68429465430145,3440,meerkat_14,inactive,0.75,697.9532470703125,145.2459945678711,0.08892206978768723
IMG_1561,137.68429465430145,3440,meerkat_155,inactive,0.75,279.17870330810547,676.9818115234375,0.9382419868905322
IMG_1561,138.00449068838122,3448,meerkat_14,inactive,0.75,697.9309997558594,145.25962829589844,0.02609255718207403
IMG_1561,138.00449068838122,3448,meerkat_155,exploratory,0.7,284.4465866088867,678.1360168457031,5.392845667789525
IMG_1561,138.324686722461,3456,meerkat_14,inactive,0.75,698.4613037109375,145.5318374633789,0.5960873389293819
IMG_1561,138.324686722461,3456,meerkat_155,inactive,0.75,288.06168365478516,677.6235656738281,3.6512371677035267
IMG_1561,138.64488275654077,3464,meerkat_14,inactive,0.75,698.562255859375,145.65060806274414,0.1558774889062691
IMG_1561,138.64488275654077,3464,meerkat_155,inactive,0.75,288.67095947265625,677.7282409667969,0.6182021831088789
IMG_1561,138.96507879062054,3472,meerkat_14,inactive,0.75,698.5637817382812,145.50786590576172,0.14275031238645647
IMG_1561,138.96507879062054,3472,meerkat_155,exploratory,0.7,292.4881286621094,679.3631286621094,4.152546013856372
IMG_1561,139.2852748247003,3480,meerkat_14,inactive,0.75,698.5724182128906,145.06500244140625,0.4429476681896022
IMG_1561,139.2852748247003,3480,meerkat_155,inactive,0.75,292.53965759277344,680.63916015625,1.277071495545233
IMG_1561,139.60547085878008,3488,meerkat_14,inactive,0.75,698.6885070800781,144.83054733276367,0.26162152635721725
IMG_1561,139.60547085878008,3488,meerkat_155,inactive,0.75,290.71736907958984,681.3709411621094,1.9637308537112288
IMG_1561,139.92566689285985,3496,meerkat_14,inactive,0.75,698.74853515625,144.88935089111328,0.08403111568622865
IMG_1561,139.92566689285985,3496,meerkat_155,inactive,0.75,290.07923126220703,682.03662109375,0.9221440480549483
IMG_1561,140.24586292693962,3504,meerkat_14,inactive,0.75,698.3970642089844,144.97526931762695,0.36182012490515364
IMG_1561,140.24586292693962,3504,meerkat_155,inactive,0.75,290.07020568847656,682.0344848632812,0.00927493729249656
IMG_1561,140.5660589610194,3512,meerkat_14,inactive,0.75,698.017822265625,144.75050735473633,0.44084281956888227
IMG_1561,140.5660589610194,3512,meerkat_155,inactive,0.75,289.5773620605469,682.6331481933594,0.7754306057740604
IMG_1561,140.88625499509916,3520,meerkat_14,inactive,0.75,697.8888244628906,144.6383934020996,0.1709092492702637
IMG_1561,140.88625499509916,3520,meerkat_155,inactive,0.75,288.8581237792969,682.2137451171875,0.8325879205933063
IMG_1561,141.20645102917894,3528,meerkat_14,inactive,0.75,697.8707275390625,144.55819702148438,0.08221288290666189
IMG_1561,141.20645102917894,3528,meerkat_155,inactive,0.75,289.0984191894531,681.8831481933594,0.408700636391454
IMG_1561,141.5266470632587,3536,meerkat_14,inactive,0.75,697.9053955078125,144.61955642700195,0.07047584481736685
IMG_1561,141.5266470632587,3536,meerkat_155,exploratory,0.7,285.13690185546875,680.7017822265625,4.133914021235152
IMG_1561,141.84684309733848,3544,meerkat_14,inactive,0.75,698.4649353027344,144.4732437133789,0.5783529997060218
IMG_1561,141.84684309733848,3544,meerkat_155,inactive,0.75,284.7514343261719,680.7451782226562,0.38790260197529736
IMG_1561,142.16703913141825,3552,meerkat_14,inactive,0.75,698.4910888671875,143.81778717041016,0.6559781159872246
IMG_1561,142.16703913141825,3552,meerkat_155,inactive,0.75,285.8537063598633,680.6609802246094,1.10548312476188
IMG_1561,142.48723516549802,3560,meerkat_14,inactive,0.75,698.8106689453125,144.00200271606445,0.36887232695756866
IMG_1561,142.8074311995778,3568,meerkat_14,inactive,0.75,698.9229125976562,144.4380111694336,0.45022439838464406
IMG_1561,142.8074311995778,3568,meerkat_155,inactive,0.75,289.3459243774414,681.6204833984375,3.6216340266354266
IMG_1561,143.12762723365756,3576,meerkat_14,inactive,0.75,699.0448303222656,145.46973419189453,1.0389014999747856
IMG_1561,143.44782326773733,3584,meerkat_14,inactive,0.75,697.8393249511719,145.87203216552734,1.2708606765987163
IMG_1561,143.44782326773733,3584,meerkat_155,inactive,0.75,290.18321990966797,682.0540161132812,0.9428756138146509
IMG_1561,143.7680193018171,3592,meerkat_14,inactive,0.75,696.8877563476562,145.73982620239258,0.9607087091751941
IMG_1561,143.7680193018171,3592,meerkat_155,inactive,0.75,290.41197967529297,680.2192993164062,1.8489231339090506
IMG_1561,144.08821533589688,3600,meerkat_14,inactive,0.75,696.9319763183594,145.6314582824707,0.11704277797958806
IMG_1561,144.08821533589688,3600,meerkat_155,exploratory,0.7,292.0973358154297,675.5034484863281,5.007961099154533
IMG_1561,144.40841136997665,3608,meerkat_14,inactive,0.75,696.9248352050781,145.4328842163086,0.19870242890072945
IMG_1561,144.72860740405642,3616,meerkat_14,inactive,0.75,696.8454284667969,145.37545776367188,0.09799605883352777
IMG_1561,145.0488034381362,3624,meerkat_14,inactive,0.75,696.8208618164062,145.34313583374023,0.0405983677741
IMG_1561,145.36899947221596,3632,meerkat_14,inactive,0.75,696.5445251464844,145.37397003173828,0.2780516191459673
IMG_1561,145.68919550629573,3640,meerkat_14,inactive,0.75,696.5156860351562,144.99102401733398,0.3840303950084315
IMG_1561,146.0093915403755,3648,meerkat_14,inactive,0.75,696.655029296875,144.67848587036133,0.3421938601137106
IMG_1561,146.32958757445527,3656,meerkat_14,inactive,0.75,696.2484130859375,144.69022369384766,0.4067855940140527
IMG_1561,146.64978360853502,3664,meerkat_14,inactive,0.75,696.1139526367188,144.82097625732422,0.18755224674687465
IMG_1561,146.9699796426148,3672,meerkat_14,inactive,0.75,696.1336975097656,144.825927734375,0.020356255466603485
IMG_1561,147.29017567669456,3680,meerkat_14,inactive,0.75,696.0307006835938,145.02739334106445,0.22626695932068575
IMG_1561,147.61037171077433,3688,meerkat_14,inactive,0.75,696.1226806640625,144.45988082885742,0.5749180535681302
IMG_1561,147.9305677448541,3696,meerkat_14,inactive,0.75,696.1812744140625,144.27570343017578,0.19327323074910943
IMG_1561,148.25076377893387,3704,meerkat_14,inactive,0.75,696.40576171875,144.31712341308594,0.22827650985183756
IMG_1561,148.57095981301364,3712,meerkat_14,inactive,0.75,696.6640625,144.55003356933594,0.3478022922275812
IMG_1561,148.57095981301364,3712,meerkat_169,inactive,0.75,608.9324340820312,485.87042236328125,0.0
IMG_1561,148.89115584709342,3720,meerkat_14,inactive,0.75,696.7914428710938,144.67222213745117,0.17651007086858453
IMG_1561,148.89115584709342,3720,meerkat_170,inactive,0.75,497.2178497314453,311.3317565917969,0.0
IMG_1561,149.2113518811732,3728,meerkat_14,inactive,0.75,696.7902526855469,144.80812072753906,0.13590380174782646
IMG_1561,149.2113518811732,3728,meerkat_169,inactive,0.75,606.3151245117188,485.0317687988281,2.748390290337116
IMG_1561,149.53154791525296,3736,meerkat_14,inactive,0.75,696.7496337890625,144.9609832763672,0.15816716974719902
IMG_1561,149.85174394933273,3744,meerkat_14,inactive,0.75,696.3614501953125,144.39276885986328,0.6881526905996515
IMG_1561,149.85174394933273,3744,meerkat_170,inactive,0.75,496.7422637939453,309.9275817871094,1.482527863504404
IMG_1561,150.1719399834125,3752,meerkat_14,inactive,0.75,696.2205505371094,144.22766876220703,0.21705012307727617
IMG_1561,150.1719399834125,3752,meerkat_170,inactive,0.75,496.806884765625,311.1805114746094,1.254595023025229
IMG_1561,150.49213601749227,3760,meerkat_14,inactive,0.75,696.1903686523438,144.5763702392578,0.35000523748281537
IMG_1561,150.49213601749227,3760,meerkat_170,inactive,0.75,497.0541687011719,310.72015380859375,0.5225691585224914
IMG_1561,150.81233205157204,3768,meerkat_14,inactive,0.75,696.2821655273438,144.7542381286621,0.20015906759601176
IMG_1561,150.81233205157204,3768,meerkat_170,inactive,0.75,497.58934020996094,311.06983947753906,0.6392875807375679
IMG_1561,151.1325280856518,3776,meerkat_14,inactive,0.75,696.6681823730469,145.4577865600586,0.8024895017924184
IMG_1561,151.45272411973158,3784,meerkat_14,inactive,0.75,696.767822265625,145.6924285888672,0.25492153670569545
IMG_1561,151.77292015381136,3792,meerkat_14,inactive,0.75,696.7962646484375,145.78100967407227,0.09303535777413932
IMG_1561,151.77292015381136,3792,meerkat_170,exploratory,0.7,491.57029724121094,309.4927520751953,6.222224918330273
IMG_1561,152.09311618789113,3800,meerkat_14,inactive,0.75,696.5523376464844,145.06083297729492,0.760364949785934
IMG_1561,152.4133122219709,3808,meerkat_14,inactive,0.75,696.2855529785156,144.95431518554688,0.2872631181026838
IMG_1561,152.73350825605067,3816,meerkat_14,inactive,0.75,696.1752319335938,144.6563720703125,0.3177118708330213
IMG_1561,153.05370429013044,3824,meerkat_14,inactive,0.75,696.3182067871094,144.48922729492188,0.21995268736298018
IMG_1561,153.3739003242102,3832,meerkat_14,inactive,0.75,696.3111572265625,144.69219207763672,0.2030871717425495
IMG_1561,153.69409635828998,3840,meerkat_14,inactive,0.75,696.119873046875,144.69580841064453,0.19131836101938357
IMG_1561,154.01429239236975,3848,meerkat_14,inactive,0.75,696.1243591308594,144.63751602172852,0.05846475481049149
IMG_1561,154.33448842644952,3856,meerkat_14,inactive,0.75,696.109619140625,144.7842254638672,0.1474480509357441
IMG_1561,154.6546844605293,3864,meerkat_14,inactive,0.75,696.486083984375,144.50322723388672,0.4697720551840736
IMG_1561,154.97488049460907,3872,meerkat_14,inactive,0.75,696.4107971191406,144.33124542236328,0.1877387961282966
IMG_1561,155.29507652868884,3880,meerkat_14,inactive,0.75,696.2820129394531,144.07767868041992,0.28439665532061464
IMG_1561,155.6152725627686,3888,meerkat_14,inactive,0.75,696.0814819335938,144.12838745117188,0.20684308966496034
IMG_1561,155.93546859684838,3896,meerkat_14,inactive,0.75,696.1038513183594,144.2894172668457,0.16257610805631817
IMG_1561,156.25566463092815,3904,meerkat_14,inactive,0.75,694.6235046386719,144.45520401000977,1.489601133280568
IMG_1561,156.57586066500792,3912,focal_group,out_of_view,1.0,,,
IMG_1561,156.8960566990877,3920,focal_group,out_of_view,1.0,,,
IMG_1561,157.21625273316747,3928,focal_group,out_of_view,1.0,,,
IMG_1561,157.53644876724724,3936,focal_group,out_of_view,1.0,,,
IMG_1561,157.856644801327,3944,focal_group,out_of_view,1.0,,,
IMG_1561,158.17684083540678,3952,focal_group,out_of_view,1.0,,,
IMG_1561,158.49703686948655,3960,focal_group,out_of_view,1.0,,,
IMG_1561,158.81723290356632,3968,focal_group,out_of_view,1.0,,,
IMG_1561,159.1374289376461,3976,focal_group,out_of_view,1.0,,,
IMG_1561,159.45762497172586,3984,focal_group,out_of_view,1.0,,,
IMG_1561,159.77782100580563,3992,focal_group,out_of_view,1.0,,,
IMG_1561,160.0980170398854,4000,focal_group,out_of_view,1.0,,,
IMG_1561,160.41821307396518,4008,focal_group,out_of_view,1.0,,,
IMG_1561,160.73840910804495,4016,meerkat_0,active_movement,0.8,627.7860717773438,168.79558181762695,224.59144217155355
IMG_1561,161.05860514212472,4024,focal_group,out_of_view,1.0,,,
IMG_1561,161.3788011762045,4032,focal_group,out_of_view,1.0,,,
IMG_1561,161.69899721028426,4040,focal_group,out_of_view,1.0,,,
IMG_1561,162.01919324436403,4048,focal_group,out_of_view,1.0,,,
IMG_1561,162.3393892784438,4056,focal_group,out_of_view,1.0,,,
IMG_1561,162.65958531252357,4064,focal_group,out_of_view,1.0,,,
IMG_1561,162.97978134660335,4072,focal_group,out_of_view,1.0,,,
IMG_1561,163.29997738068312,4080,focal_group,out_of_view,1.0,,,
IMG_1561,163.6201734147629,4088,meerkat_0,active_movement,0.8,1028.2647399902344,673.7223815917969,644.4643022105687
IMG_1561,163.6201734147629,4088,meerkat_1,active_movement,0.8,727.2099914550781,111.94684600830078,43.92748032546203
IMG_1561,163.94036944884266,4096,meerkat_0,active_movement,0.8,727.1070251464844,111.13353729248047,638.1239510784327
IMG_1561,164.26056548292243,4104,meerkat_0,inactive,0.75,728.308837890625,111.08031845092773,1.202990489187273
IMG_1561,164.5807615170022,4112,focal_group,out_of_view,1.0,,,
IMG_1561,164.90095755108197,4120,focal_group,out_of_view,1.0,,,
IMG_1561,165.22115358516174,4128,meerkat_0,active_movement,0.8,697.4192810058594,677.3567810058594,567.1183269550227
IMG_1561,165.22115358516174,4128,meerkat_1,active_movement,0.8,1040.4515075683594,525.7561492919922,518.9974825575565
IMG_1561,165.54134961924152,4136,meerkat_0,social_contact,0.7,653.6934509277344,664.99267578125,45.44028294395044
IMG_1561,165.54134961924152,4136,meerkat_1,social_contact,0.7,1035.2452087402344,502.6304473876953,23.704506661268777
IMG_1561,165.54134961924152,4136,meerkat_2,social_contact,0.7,669.8367919921875,662.2750854492188,335.71074371087957
IMG_1561,165.54134961924152,4136,meerkat_3,social_contact,0.7,1038.4381713867188,484.14466857910156,525.8482445440801
IMG_1561,165.8615456533213,4144,meerkat_0,active_movement,0.8,643.9304809570312,644.4921875,22.706510132966702
IMG_1561,166.18174168740106,4152,meerkat_0,social_contact,0.7,653.966064453125,551.1955261230469,93.8348547193042
IMG_1561,166.18174168740106,4152,meerkat_1,social_contact,0.7,626.78466796875,611.0778198242188,422.61193304936324
IMG_1561,166.50193772148083,4160,meerkat_0,social_contact,0.7,995.8955078125,404.9419250488281,371.8949583729642
IMG_1561,166.50193772148083,4160,meerkat_1,social_contact,0.7,995.3989868164062,411.2748565673828,419.2824110140254
IMG_1561,166.8221337555606,4168,meerkat_0,active_movement,0.8,625.5427551269531,529.8774871826172,390.8581022665997
IMG_1561,167.14232978964037,4176,meerkat_0,social_contact,0.7,626.5571594238281,517.3999786376953,12.518675471714923
IMG_1561,167.14232978964037,4176,meerkat_1,social_contact,0.7,640.1869201660156,515.6899108886719,370.2406188723211
IMG_1561,167.14232978964037,4176,meerkat_2,social_contact,0.7,610.5809020996094,528.8923645019531,145.95276884751956
IMG_1561,167.14232978964037,4176,meerkat_3,active_movement,0.8,956.1083984375,378.95420837402344,133.57853282629674
IMG_1561,167.46252582372014,4184,meerkat_0,active_movement,0.8,655.3581237792969,507.9407501220703,30.314560064691598
IMG_1561,167.7827218577999,4192,meerkat_0,exploratory,0.7,653.5856628417969,494.1376495361328,13.916436453362317
IMG_1561,168.10291789187968,4200,meerkat_191,inactive,0.75,663.1908569335938,480.8927917480469,0.0
IMG_1561,168.42311392595946,4208,meerkat_191,exploratory,0.7,665.8099975585938,469.6539764404297,11.539968246587847
IMG_1561,168.74330996003923,4216,meerkat_0,social_contact,0.7,685.4597473144531,437.1308898925781,65.31254018967599
IMG_1561,168.74330996003923,4216,meerkat_1,social_contact,0.7,682.8322448730469,447.0695343017578,80.79220137054092
IMG_1561,169.063505994119,4224,meerkat_192,inactive,0.75,695.088134765625,431.7142028808594,0.0
IMG_1561,169.38370202819877,4232,meerkat_192,exploratory,0.7,703.9725952148438,426.43994140625,10.332060374208083
IMG_1561,169.70389806227854,4240,meerkat_0,active_movement,0.8,725.1424865722656,409.6234436035156,48.28435974877571
IMG_1561,170.0240940963583,4248,focal_group,out_of_view,1.0,,,
IMG_1561,170.34429013043808,4256,meerkat_0,exploratory,0.7,734.6297302246094,401.0619354248047,12.779171116041566
IMG_1561,170.66448616451785,4264,focal_group,out_of_view,1.0,,,
IMG_1561,170.98468219859762,4272,meerkat_0,active_movement,0.8,754.9887084960938,373.1886291503906,34.516795895999145
IMG_1561,171.3048782326774,4280,meerkat_0,social_contact,0.7,760.0535583496094,356.2184753417969,17.70985105318467
IMG_1561,171.3048782326774,4280,meerkat_1,social_contact,0.7,765.850830078125,347.831787109375,129.38398647928614
IMG_1561,171.62507426675717,4288,meerkat_197,inactive,0.75,764.82666015625,348.06927490234375,0.0
IMG_1561,171.94527030083694,4296,meerkat_0,social_contact,0.7,775.8804321289062,332.1498718261719,28.806034243160774
IMG_1561,171.94527030083694,4296,meerkat_1,social_contact,0.7,777.4071350097656,327.04412841796875,23.783921828484452
IMG_1561,172.2654663349167,4304,meerkat_198,inactive,0.75,778.8049926757812,329.47752380371094,0.0
IMG_1561,172.58566236899648,4312,meerkat_198,social_contact,0.7,781.8767700195312,326.48143005371094,4.290966535451526
IMG_1561,172.58566236899648,4312,meerkat_199,social_contact,0.7,775.9754028320312,332.866943359375,0.0
IMG_1561,172.90585840307625,4320,meerkat_198,social_contact,0.7,782.0741882324219,326.0601806640625,0.4652150030470957
IMG_1561,172.90585840307625,4320,meerkat_199,social_contact,0.7,775.9210815429688,332.24314880371094,0.6261552923369225
IMG_1561,173.226054437156,4328,meerkat_198,social_contact,0.7,781.3298034667969,326.4488525390625,0.8397466913960434
IMG_1561,173.226054437156,4328,meerkat_199,social_contact,0.7,775.4174194335938,332.25547790527344,0.5038129882857457
IMG_1561,173.226054437156,4328,meerkat_200,social_contact,0.7,785.936767578125,323.6385955810547,0.0
IMG_1561,173.54625047123577,4336,meerkat_198,social_contact,0.7,780.0208129882812,325.86949157714844,1.4314730863814913
IMG_1561,173.54625047123577,4336,meerkat_199,social_contact,0.7,774.2542419433594,331.9736785888672,1.1968261062138348
IMG_1561,173.86644650531554,4344,meerkat_198,social_contact,0.7,778.5068359375,326.9758758544922,1.8751567079702283
IMG_1561,173.86644650531554,4344,meerkat_199,social_contact,0.7,773.6882934570312,332.0329132080078,0.5690399188825251
IMG_1561,173.86644650531554,4344,meerkat_200,social_contact,0.7,781.4188232421875,325.08045959472656,4.742445872812014
IMG_1561,174.1866425393953,4352,meerkat_198,inactive,0.75,778.0951843261719,327.5946350097656,0.7431823069366894
IMG_1561,174.50683857347508,4360,meerkat_198,inactive,0.75,777.9700317382812,327.5126190185547,0.14963219262589583
IMG_1561,174.82703460755485,4368,meerkat_198,social_contact,0.7,779.7838745117188,326.9800567626953,1.8904095225948976
IMG_1561,174.82703460755485,4368,meerkat_199,social_contact,0.7,775.9154357910156,330.2052459716797,2.8810641267720256
IMG_1561,175.14723064163462,4376,meerkat_198,social_contact,0.7,781.9603271484375,326.4559631347656,2.2386648276855783
IMG_1561,175.14723064163462,4376,meerkat_199,social_contact,0.7,777.37353515625,329.2613525390625,1.7369480622732345
IMG_1561,175.4674266757144,4384,meerkat_198,inactive,0.75,785.2537536621094,325.50572204589844,3.4277713354201995
IMG_1561,175.78762270979416,4392,meerkat_198,inactive,0.75,787.6132202148438,323.7831115722656,2.9213813953918613
IMG_1561,176.10781874387393,4400,meerkat_198,social_contact,0.7,790.3051452636719,323.3795471191406,2.722007482784422
IMG_1561,176.10781874387393,4400,meerkat_201,social_contact,0.7,804.1284790039062,316.05775451660156,0.0
IMG_1561,176.4280147779537,4408,meerkat_198,social_contact,0.7,794.6108093261719,322.0946350097656,4.49329969487041
IMG_1561,176.4280147779537,4408,meerkat_201,social_contact,0.7,803.6967163085938,314.3898468017578,1.7228857101673387
IMG_1561,176.74821081203348,4416,meerkat_0,active_movement,0.8,810.6427001953125,308.6171112060547,41.978638657350785
IMG_1561,177.06840684611325,4424,meerkat_0,social_contact,0.7,814.2556762695312,304.55906677246094,5.433352624107729
IMG_1561,177.06840684611325,4424,meerkat_1,social_contact,0.7,808.438720703125,309.7366180419922,35.53180583728953
IMG_1561,177.38860288019302,4432,meerkat_0,exploratory,0.7,818.4686889648438,304.2004089355469,4.228251578944206
IMG_1561,177.7087989142728,4440,meerkat_0,social_contact,0.7,816.5682678222656,305.42010498046875,2.258153883409191
IMG_1561,177.7087989142728,4440,meerkat_1,social_contact,0.7,810.3408508300781,311.37339782714844,2.5094117009687453
IMG_1561,177.7087989142728,4440,meerkat_2,social_contact,0.7,820.5819396972656,297.2722625732422,312.6472571598201
IMG_1561,178.02899494835256,4448,meerkat_0,exploratory,0.7,821.9021606445312,293.17665100097656,13.354870946114
IMG_1561,178.34919098243233,4456,meerkat_0,exploratory,0.7,831.3362731933594,284.4049072265625,12.88200172441877
IMG_1561,178.6693870165121,4464,meerkat_0,exploratory,0.7,838.7515258789062,279.90074157714844,8.676029079473613
IMG_1561,178.98958305059188,4472,meerkat_0,social_contact,0.7,846.1744384765625,276.7662048339844,8.057602126358029
IMG_1561,178.98958305059188,4472,meerkat_1,social_contact,0.7,838.5939636230469,278.30078125,43.49754418069241
IMG_1561,179.30977908467165,4480,meerkat_211,inactive,0.75,841.1398620605469,278.20143127441406,0.0
IMG_1561,179.62997511875142,4488,meerkat_211,inactive,0.75,839.173583984375,278.6021270751953,2.006690458839603
IMG_1561,179.9501711528312,4496,meerkat_211,inactive,0.75,840.1648559570312,276.67413330078125,2.1678976262621803
IMG_1561,180.27036718691096,4504,meerkat_0,exploratory,0.7,854.8440246582031,271.52564239501953,10.130410615448083
IMG_1561,180.59056322099073,4512,meerkat_213,inactive,0.75,856.3886108398438,271.7933578491211,0.0
IMG_1561,180.9107592550705,4520,meerkat_0,exploratory,0.7,868.7940673828125,273.11065673828125,14.039799232423958
IMG_1561,181.23095528915027,4528,focal_group,out_of_view,1.0,,,
IMG_1561,181.55115132323004,4536,focal_group,out_of_view,1.0,,,
IMG_1561,181.87134735730982,4544,focal_group,out_of_view,1.0,,,
IMG_1561,182.1915433913896,4552,focal_group,out_of_view,1.0,,,
IMG_1561,182.51173942546936,4560,focal_group,out_of_view,1.0,,,
IMG_1561,182.83193545954913,4568,focal_group,out_of_view,1.0,,,
IMG_1561,183.1521314936289,4576,focal_group,out_of_view,1.0,,,
IMG_1561,183.47232752770867,4584,focal_group,out_of_view,1.0,,,
IMG_1561,183.79252356178844,4592,focal_group,out_of_view,1.0,,,
IMG_1561,184.1127195958682,4600,focal_group,out_of_view,1.0,,,
IMG_1561,184.43291562994798,4608,focal_group,out_of_view,1.0,,,
IMG_1561,184.75311166402776,4616,focal_group,out_of_view,1.0,,,
IMG_1561,185.07330769810753,4624,focal_group,out_of_view,1.0,,,
IMG_1561,185.3935037321873,4632,focal_group,out_of_view,1.0,,,
IMG_1561,185.71369976626707,4640,focal_group,out_of_view,1.0,,,
IMG_1561,186.03389580034684,4648,focal_group,out_of_view,1.0,,,
IMG_1561,186.3540918344266,4656,focal_group,out_of_view,1.0,,,
IMG_1561,186.67428786850638,4664,focal_group,out_of_view,1.0,,,
IMG_1561,186.99448390258615,4672,focal_group,out_of_view,1.0,,,
IMG_1561,187.31467993666593,4680,focal_group,out_of_view,1.0,,,
IMG_1561,187.6348759707457,4688,focal_group,out_of_view,1.0,,,
IMG_1561,187.95507200482547,4696,focal_group,out_of_view,1.0,,,
IMG_1561,188.27526803890524,4704,focal_group,out_of_view,1.0,,,
IMG_1561,188.595464072985,4712,focal_group,out_of_view,1.0,,,
IMG_1561,188.91566010706478,4720,focal_group,out_of_view,1.0,,,
IMG_1561,189.23585614114455,4728,focal_group,out_of_view,1.0,,,
IMG_1561,189.55605217522432,4736,focal_group,out_of_view,1.0,,,
IMG_1561,189.8762482093041,4744,focal_group,out_of_view,1.0,,,
IMG_1561,190.19644424338387,4752,focal_group,out_of_view,1.0,,,
IMG_1561,190.51664027746364,4760,focal_group,out_of_view,1.0,,,
IMG_1561,190.8368363115434,4768,focal_group,out_of_view,1.0,,,
IMG_1561,191.15703234562318,4776,focal_group,out_of_view,1.0,,,
IMG_1561,191.47722837970295,4784,focal_group,out_of_view,1.0,,,
IMG_1561,191.79742441378272,4792,focal_group,out_of_view,1.0,,,
IMG_1561,192.1176204478625,4800,focal_group,out_of_view,1.0,,,
IMG_1561,192.43781648194226,4808,focal_group,out_of_view,1.0,,,
IMG_1561,192.75801251602203,4816,focal_group,out_of_view,1.0,,,
IMG_1561,193.0782085501018,4824,focal_group,out_of_view,1.0,,,
IMG_1561,193.39840458418158,4832,meerkat_0,active_movement,0.8,613.2041625976562,467.32981872558594,321.0097853822156
IMG_1561,193.71860061826135,4840,focal_group,out_of_view,1.0,,,
IMG_1561,194.03879665234112,4848,meerkat_0,active_movement,0.8,592.5216674804688,397.61769104003906,72.7155165746519
IMG_1561,194.3589926864209,4856,meerkat_216,inactive,0.75,596.5997314453125,393.9844207763672,0.0
IMG_1561,194.67918872050066,4864,meerkat_0,social_contact,0.7,595.6418151855469,365.74546813964844,32.02458296861473
IMG_1561,194.67918872050066,4864,meerkat_1,social_contact,0.7,596.7815856933594,357.23768615722656,254.37032271148013
IMG_1561,194.99938475458043,4872,meerkat_217,inactive,0.75,594.6011352539062,357.5775146484375,0.0
IMG_1561,195.3195807886602,4880,meerkat_217,exploratory,0.7,593.2623901367188,352.91453552246094,4.851351648570377
IMG_1561,195.63977682273998,4888,meerkat_217,inactive,0.75,592.9737854003906,350.8316955566406,2.1027398833544266
IMG_1561,195.95997285681975,4896,meerkat_217,social_contact,0.7,593.656005859375,365.4114532470703,14.59571029673789
IMG_1561,195.95997285681975,4896,meerkat_216,social_contact,0.7,590.5513000488281,381.29478454589844,14.057396274545406
IMG_1561,196.28016889089952,4904,focal_group,out_of_view,1.0,,,
IMG_1561,196.6003649249793,4912,focal_group,out_of_view,1.0,,,
IMG_1561,196.92056095905906,4920,focal_group,out_of_view,1.0,,,
IMG_1561,197.24075699313883,4928,focal_group,out_of_view,1.0,,,
IMG_1561,197.5609530272186,4936,focal_group,out_of_view,1.0,,,
IMG_1561,197.88114906129837,4944,focal_group,out_of_view,1.0,,,
IMG_1561,198.20134509537814,4952,focal_group,out_of_view,1.0,,,
IMG_1561,198.52154112945792,4960,focal_group,out_of_view,1.0,,,
IMG_1561,198.8417371635377,4968,focal_group,out_of_view,1.0,,,
IMG_1561,199.16193319761746,4976,focal_group,out_of_view,1.0,,,
IMG_1561,199.48212923169723,4984,focal_group,out_of_view,1.0,,,
IMG_1561,199.80232526577697,4992,focal_group,out_of_view,1.0,,,
IMG_1561,200.12252129985674,5000,focal_group,out_of_view,1.0,,,
IMG_1561,200.4427173339365,5008,focal_group,out_of_view,1.0,,,
IMG_1561,200.76291336801629,5016,focal_group,out_of_view,1.0,,,
IMG_1561,201.08310940209606,5024,focal_group,out_of_view,1.0,,,
IMG_1561,201.40330543617583,5032,focal_group,out_of_view,1.0,,,
IMG_1561,201.7235014702556,5040,focal_group,out_of_view,1.0,,,
IMG_1561,202.04369750433537,5048,focal_group,out_of_view,1.0,,,
IMG_1561,202.36389353841514,5056,focal_group,out_of_view,1.0,,,
IMG_1561,202.6840895724949,5064,focal_group,out_of_view,1.0,,,
IMG_1561,203.00428560657468,5072,focal_group,out_of_view,1.0,,,
IMG_1561,203.32448164065445,5080,focal_group,out_of_view,1.0,,,
IMG_1561,203.64467767473423,5088,focal_group,out_of_view,1.0,,,
IMG_1561,203.964873708814,5096,focal_group,out_of_view,1.0,,,
IMG_1561,204.28506974289377,5104,focal_group,out_of_view,1.0,,,
IMG_1561,204.60526577697354,5112,focal_group,out_of_view,1.0,,,
IMG_1561,204.9254618110533,5120,focal_group,out_of_view,1.0,,,
IMG_1561,205.24565784513308,5128,focal_group,out_of_view,1.0,,,
IMG_1561,205.56585387921285,5136,focal_group,out_of_view,1.0,,,
IMG_1561,205.88604991329262,5144,focal_group,out_of_view,1.0,,,
IMG_1561,206.2062459473724,5152,focal_group,out_of_view,1.0,,,
IMG_1561,206.52644198145217,5160,focal_group,out_of_view,1.0,,,
IMG_1561,206.84663801553194,5168,focal_group,out_of_view,1.0,,,
IMG_1561,207.1668340496117,5176,focal_group,out_of_view,1.0,,,
IMG_1561,207.48703008369148,5184,focal_group,out_of_view,1.0,,,
IMG_1561,207.80722611777125,5192,focal_group,out_of_view,1.0,,,
IMG_1561,208.12742215185102,5200,focal_group,out_of_view,1.0,,,
IMG_1561,208.4476181859308,5208,focal_group,out_of_view,1.0,,,
IMG_1561,208.76781422001056,5216,focal_group,out_of_view,1.0,,,
IMG_1561,209.08801025409034,5224,focal_group,out_of_view,1.0,,,
IMG_1561,209.4082062881701,5232,focal_group,out_of_view,1.0,,,
IMG_1561,209.72840232224988,5240,focal_group,out_of_view,1.0,,,
IMG_1561,210.04859835632965,5248,focal_group,out_of_view,1.0,,,
IMG_1561,210.36879439040942,5256,focal_group,out_of_view,1.0,,,
IMG_1561,210.6889904244892,5264,focal_group,out_of_view,1.0,,,
IMG_1561,211.00918645856896,5272,focal_group,out_of_view,1.0,,,
IMG_1561,211.32938249264873,5280,focal_group,out_of_view,1.0,,,
IMG_1561,211.6495785267285,5288,focal_group,out_of_view,1.0,,,
IMG_1561,211.96977456080828,5296,focal_group,out_of_view,1.0,,,
IMG_1561,212.28997059488805,5304,focal_group,out_of_view,1.0,,,
IMG_1561,212.61016662896782,5312,focal_group,out_of_view,1.0,,,
IMG_1561,212.9303626630476,5320,focal_group,out_of_view,1.0,,,
IMG_1561,213.25055869712736,5328,focal_group,out_of_view,1.0,,,
IMG_1561,213.57075473120713,5336,focal_group,out_of_view,1.0,,,
IMG_1561,213.8909507652869,5344,focal_group,out_of_view,1.0,,,
IMG_1561,214.21114679936667,5352,focal_group,out_of_view,1.0,,,
IMG_1561,214.53134283344644,5360,focal_group,out_of_view,1.0,,,
IMG_1561,214.85153886752622,5368,focal_group,out_of_view,1.0,,,
IMG_1561,215.171734901606,5376,focal_group,out_of_view,1.0,,,
IMG_1561,215.49193093568576,5384,focal_group,out_of_view,1.0,,,
IMG_1561,215.81212696976553,5392,focal_group,out_of_view,1.0,,,
IMG_1561,216.1323230038453,5400,focal_group,out_of_view,1.0,,,
IMG_1561,216.45251903792507,5408,focal_group,out_of_view,1.0,,,
IMG_1561,216.77271507200484,5416,focal_group,out_of_view,1.0,,,
IMG_1561,217.0929111060846,5424,focal_group,out_of_view,1.0,,,
IMG_1561,217.41310714016439,5432,focal_group,out_of_view,1.0,,,
IMG_1561,217.73330317424416,5440,focal_group,out_of_view,1.0,,,
IMG_1561,218.05349920832393,5448,focal_group,out_of_view,1.0,,,
IMG_1561,218.3736952424037,5456,focal_group,out_of_view,1.0,,,
IMG_1561,218.69389127648347,5464,focal_group,out_of_view,1.0,,,
IMG_1561,219.01408731056324,5472,focal_group,out_of_view,1.0,,,
IMG_1561,219.334283344643,5480,focal_group,out_of_view,1.0,,,
IMG_1561,219.65447937872278,5488,focal_group,out_of_view,1.0,,,
IMG_1561,219.97467541280255,5496,focal_group,out_of_view,1.0,,,
IMG_1561,220.29487144688233,5504,focal_group,out_of_view,1.0,,,
IMG_1561,220.6150674809621,5512,focal_group,out_of_view,1.0,,,
IMG_1561,220.93526351504187,5520,focal_group,out_of_view,1.0,,,
IMG_1561,221.25545954912164,5528,focal_group,out_of_view,1.0,,,
IMG_1561,221.5756555832014,5536,focal_group,out_of_view,1.0,,,
IMG_1561,221.89585161728118,5544,focal_group,out_of_view,1.0,,,
IMG_1561,222.21604765136095,5552,focal_group,out_of_view,1.0,,,
IMG_1561,222.53624368544072,5560,focal_group,out_of_view,1.0,,,
IMG_1561,222.8564397195205,5568,focal_group,out_of_view,1.0,,,
IMG_1561,223.17663575360027,5576,focal_group,out_of_view,1.0,,,
IMG_1561,223.49683178768004,5584,focal_group,out_of_view,1.0,,,
IMG_1561,223.8170278217598,5592,focal_group,out_of_view,1.0,,,
IMG_1561,224.13722385583958,5600,focal_group,out_of_view,1.0,,,
IMG_1561,224.45741988991935,5608,focal_group,out_of_view,1.0,,,
IMG_1561,224.77761592399912,5616,focal_group,out_of_view,1.0,,,
IMG_1561,225.0978119580789,5624,focal_group,out_of_view,1.0,,,
IMG_1561,225.41800799215866,5632,focal_group,out_of_view,1.0,,,
IMG_1561,225.73820402623844,5640,focal_group,out_of_view,1.0,,,
IMG_1561,226.0584000603182,5648,focal_group,out_of_view,1.0,,,
IMG_1561,226.37859609439795,5656,focal_group,out_of_view,1.0,,,
IMG_1561,226.69879212847772,5664,focal_group,out_of_view,1.0,,,
IMG_1561,227.0189881625575,5672,focal_group,out_of_view,1.0,,,
IMG_1561,227.33918419663726,5680,focal_group,out_of_view,1.0,,,
IMG_1561,227.65938023071703,5688,focal_group,out_of_view,1.0,,,
IMG_1561,227.9795762647968,5696,focal_group,out_of_view,1.0,,,
IMG_1561,228.29977229887658,5704,focal_group,out_of_view,1.0,,,
IMG_1561,228.61996833295635,5712,focal_group,out_of_view,1.0,,,
IMG_1561,228.94016436703612,5720,focal_group,out_of_view,1.0,,,
IMG_1561,229.2603604011159,5728,focal_group,out_of_view,1.0,,,
IMG_1561,229.58055643519566,5736,focal_group,out_of_view,1.0,,,
IMG_1561,229.90075246927543,5744,focal_group,out_of_view,1.0,,,
IMG_1561,230.2209485033552,5752,focal_group,out_of_view,1.0,,,
IMG_1561,230.54114453743497,5760,focal_group,out_of_view,1.0,,,
IMG_1561,230.86134057151475,5768,focal_group,out_of_view,1.0,,,
IMG_1561,231.18153660559452,5776,focal_group,out_of_view,1.0,,,
IMG_1561,231.5017326396743,5784,focal_group,out_of_view,1.0,,,
IMG_1561,231.82192867375406,5792,focal_group,out_of_view,1.0,,,
IMG_1561,232.14212470783383,5800,focal_group,out_of_view,1.0,,,
IMG_1561,232.4623207419136,5808,focal_group,out_of_view,1.0,,,
IMG_1561,232.78251677599337,5816,focal_group,out_of_view,1.0,,,
IMG_1561,233.10271281007314,5824,focal_group,out_of_view,1.0,,,
IMG_1561,233.42290884415291,5832,focal_group,out_of_view,1.0,,,
IMG_1561,233.74310487823269,5840,focal_group,out_of_view,1.0,,,
IMG_1561,234.06330091231246,5848,focal_group,out_of_view,1.0,,,
IMG_1561,234.38349694639223,5856,focal_group,out_of_view,1.0,,,
IMG_1561,234.703692980472,5864,focal_group,out_of_view,1.0,,,
IMG_1561,235.02388901455177,5872,focal_group,out_of_view,1.0,,,
IMG_1561,235.34408504863154,5880,focal_group,out_of_view,1.0,,,
IMG_1561,235.6642810827113,5888,focal_group,out_of_view,1.0,,,
IMG_1561,235.98447711679108,5896,focal_group,out_of_view,1.0,,,
IMG_1561,236.30467315087085,5904,focal_group,out_of_view,1.0,,,
IMG_1561,236.62486918495063,5912,focal_group,out_of_view,1.0,,,
IMG_1561,236.9450652190304,5920,focal_group,out_of_view,1.0,,,
IMG_1561,237.26526125311017,5928,focal_group,out_of_view,1.0,,,
IMG_1561,237.58545728718994,5936,focal_group,out_of_view,1.0,,,
IMG_1561,237.9056533212697,5944,focal_group,out_of_view,1.0,,,
IMG_1561,238.22584935534948,5952,focal_group,out_of_view,1.0,,,
IMG_1561,238.54604538942925,5960,focal_group,out_of_view,1.0,,,
IMG_1561,238.86624142350902,5968,focal_group,out_of_view,1.0,,,
IMG_1561,239.1864374575888,5976,focal_group,out_of_view,1.0,,,
IMG_1561,239.50663349166857,5984,focal_group,out_of_view,1.0,,,
IMG_1561,239.82682952574834,5992,focal_group,out_of_view,1.0,,,
IMG_1561,240.1470255598281,6000,focal_group,out_of_view,1.0,,,
IMG_1561,240.46722159390788,6008,focal_group,out_of_view,1.0,,,
IMG_1561,240.78741762798765,6016,focal_group,out_of_view,1.0,,,
IMG_1561,241.10761366206742,6024,focal_group,out_of_view,1.0,,,
IMG_1561,241.4278096961472,6032,focal_group,out_of_view,1.0,,,
IMG_1561,241.74800573022696,6040,focal_group,out_of_view,1.0,,,
IMG_1561,242.06820176430674,6048,focal_group,out_of_view,1.0,,,
IMG_1561,242.3883977983865,6056,focal_group,out_of_view,1.0,,,
IMG_1561,242.70859383246628,6064,focal_group,out_of_view,1.0,,,
IMG_1561,243.02878986654605,6072,focal_group,out_of_view,1.0,,,
IMG_1561,243.34898590062582,6080,focal_group,out_of_view,1.0,,,
IMG_1561,243.6691819347056,6088,focal_group,out_of_view,1.0,,,
IMG_1561,243.98937796878536,6096,focal_group,out_of_view,1.0,,,
IMG_1561,244.30957400286513,6104,focal_group,out_of_view,1.0,,,
IMG_1561,244.6297700369449,6112,focal_group,out_of_view,1.0,,,
IMG_1561,244.94996607102468,6120,focal_group,out_of_view,1.0,,,
IMG_1561,245.27016210510445,6128,focal_group,out_of_view,1.0,,,
IMG_1561,245.59035813918422,6136,focal_group,out_of_view,1.0,,,
IMG_1561,245.910554173264,6144,focal_group,out_of_view,1.0,,,
IMG_1561,246.23075020734376,6152,focal_group,out_of_view,1.0,,,
IMG_1561,246.55094624142353,6160,focal_group,out_of_view,1.0,,,
IMG_1561,246.8711422755033,6168,focal_group,out_of_view,1.0,,,
IMG_1561,247.19133830958307,6176,focal_group,out_of_view,1.0,,,
IMG_1561,247.51153434366285,6184,focal_group,out_of_view,1.0,,,
IMG_1561,247.83173037774262,6192,focal_group,out_of_view,1.0,,,
IMG_1561,248.1519264118224,6200,focal_group,out_of_view,1.0,,,
IMG_1561,248.47212244590216,6208,focal_group,out_of_view,1.0,,,
IMG_1561,248.79231847998193,6216,focal_group,out_of_view,1.0,,,
IMG_1561,249.1125145140617,6224,focal_group,out_of_view,1.0,,,
IMG_1561,249.43271054814147,6232,focal_group,out_of_view,1.0,,,
IMG_1561,249.75290658222124,6240,focal_group,out_of_view,1.0,,,
IMG_1561,250.07310261630101,6248,focal_group,out_of_view,1.0,,,
IMG_1561,250.39329865038079,6256,focal_group,out_of_view,1.0,,,
IMG_1561,250.71349468446056,6264,meerkat_0,active_movement,0.8,489.81788635253906,248.39112091064453,158.02134896019308
IMG_1561,251.03369071854033,6272,focal_group,out_of_view,1.0,,,
IMG_1561,251.3538867526201,6280,focal_group,out_of_view,1.0,,,
IMG_1561,251.67408278669987,6288,focal_group,out_of_view,1.0,,,
IMG_1561,251.99427882077964,6296,focal_group,out_of_view,1.0,,,
IMG_1561,252.3144748548594,6304,focal_group,out_of_view,1.0,,,
IMG_1561,252.63467088893918,6312,focal_group,out_of_view,1.0,,,
IMG_1561,252.95486692301893,6320,meerkat_0,active_movement,0.8,475.3543395996094,175.22128295898438,74.5856512376636
IMG_1561,253.2750629570987,6328,focal_group,out_of_view,1.0,,,
IMG_1561,253.59525899117847,6336,meerkat_0,active_movement,0.8,461.08795166015625,292.59376525878906,118.23632870677666
IMG_1561,253.91545502525824,6344,focal_group,out_of_view,1.0,,,
IMG_1561,254.235651059338,6352,focal_group,out_of_view,1.0,,,
IMG_1561,254.55584709341778,6360,focal_group,out_of_view,1.0,,,
IMG_1561,254.87604312749755,6368,focal_group,out_of_view,1.0,,,
IMG_1561,255.19623916157732,6376,focal_group,out_of_view,1.0,,,
IMG_1561,255.5164351956571,6384,focal_group,out_of_view,1.0,,,
IMG_1561,255.83663122973687,6392,focal_group,out_of_view,1.0,,,
IMG_1561,256.15682726381664,6400,focal_group,out_of_view,1.0,,,
IMG_1561,256.47702329789644,6408,meerkat_0,active_movement,0.8,498.989501953125,292.59288024902344,37.90155030330134
IMG_1561,256.7972193319762,6416,meerkat_0,social_contact,0.7,515.3115081787109,294.56520080566406,16.440740117349137
IMG_1561,256.7972193319762,6416,meerkat_1,social_contact,0.7,501.6886901855469,304.8880310058594,108.55019654761944
IMG_1561,256.7972193319762,6416,meerkat_2,social_contact,0.7,507.61195373535156,302.2559051513672,313.00966248080454
IMG_1561,257.117415366056,6424,meerkat_225,inactive,0.75,513.7363586425781,294.6278839111328,0.0
IMG_1561,257.4376114001357,6432,meerkat_225,inactive,0.75,512.0771942138672,293.654296875,1.9237199168344559
IMG_1561,257.7578074342155,6440,meerkat_225,social_contact,0.7,509.9441833496094,294.10894775390625,2.1809270434226096
IMG_1561,257.7578074342155,6440,meerkat_228,social_contact,0.7,504.11927795410156,300.6195983886719,0.0
IMG_1561,258.07800346829526,6448,meerkat_225,social_contact,0.7,512.1936950683594,294.55613708496094,2.293530307321601
IMG_1561,258.07800346829526,6448,meerkat_228,social_contact,0.7,503.0297393798828,302.7253112792969,2.3708903564810666
IMG_1561,258.39819950237506,6456,meerkat_225,social_contact,0.7,511.2159881591797,295.5353240966797,1.383733357325895
IMG_1561,258.39819950237506,6456,meerkat_228,social_contact,0.7,503.0751190185547,303.5511016845703,0.8270363384082093
IMG_1561,258.7183955364548,6464,meerkat_225,social_contact,0.7,510.4514465332031,296.07765197753906,0.9373598178972185
IMG_1561,258.7183955364548,6464,meerkat_228,social_contact,0.7,503.4934997558594,303.4705047607422,0.42607312221984917
IMG_1561,259.0385915705346,6472,meerkat_225,social_contact,0.7,510.540771484375,295.5459747314453,0.539128594043844
IMG_1561,259.0385915705346,6472,meerkat_228,social_contact,0.7,503.50135803222656,303.1328887939453,0.33770740818592015
IMG_1561,259.35878760461435,6480,meerkat_225,social_contact,0.7,510.6384582519531,294.48907470703125,1.0614049020832288
IMG_1561,259.35878760461435,6480,meerkat_228,social_contact,0.7,504.0376434326172,301.3845672607422,1.8287236571264283
IMG_1561,259.67898363869415,6488,meerkat_225,social_contact,0.7,510.7120819091797,293.095703125,1.3953153079199279
IMG_1561,259.67898363869415,6488,meerkat_228,social_contact,0.7,503.51588439941406,300.0473175048828,1.4354335227641222
IMG_1561,259.9991796727739,6496,meerkat_225,social_contact,0.7,511.7079162597656,293.0068359375,0.9997916937147838
IMG_1561,259.9991796727739,6496,meerkat_228,social_contact,0.7,505.238037109375,296.31797790527344,4.107771148158136
IMG_1561,260.3193757068537,6504,meerkat_225,social_contact,0.7,511.76182556152344,292.4111328125,0.5981374640923109
IMG_1561,260.3193757068537,6504,meerkat_228,social_contact,0.7,504.22837829589844,298.1310272216797,2.0752249862007903
IMG_1561,260.63957174093343,6512,meerkat_225,social_contact,0.7,511.337158203125,293.4801483154297,1.1502767105323481
IMG_1561,260.63957174093343,6512,meerkat_228,social_contact,0.7,504.2885284423828,299.38124084472656,1.2516597554343933
IMG_1561,260.95976777501323,6520,meerkat_225,social_contact,0.7,512.8240966796875,293.9715118408203,1.56602175820335
IMG_1561,260.95976777501323,6520,meerkat_228,social_contact,0.7,506.1622314453125,297.3663330078125,2.7514753377861547
IMG_1561,261.279963809093,6528,meerkat_225,social_contact,0.7,511.6949005126953,295.2295684814453,1.6905000723367356
IMG_1561,261.279963809093,6528,meerkat_228,social_contact,0.7,504.387939453125,300.4829559326172,3.586286453834776
IMG_1561,261.6001598431728,6536,meerkat_225,social_contact,0.7,511.36534118652344,294.9729309082031,0.41769868741294774
IMG_1561,261.6001598431728,6536,meerkat_228,social_contact,0.7,504.07371520996094,301.44017028808594,1.007470196734118
IMG_1561,261.9203558772525,6544,meerkat_225,social_contact,0.7,509.4286346435547,295.5358581542969,2.0168587749202125
IMG_1561,261.9203558772525,6544,meerkat_228,social_contact,0.7,504.1315460205078,302.1396484375,0.7018647192701953
IMG_1561,262.2405519113323,6552,meerkat_0,exploratory,0.7,517.6952972412109,301.6905212402344,7.513497294189963
IMG_1561,262.56074794541206,6560,meerkat_0,exploratory,0.7,518.4746551513672,309.32667541503906,7.675822388090424
IMG_1561,262.88094397949186,6568,meerkat_230,inactive,0.75,518.8407440185547,309.6073760986328,0.0
IMG_1561,263.2011400135716,6576,meerkat_230,inactive,0.75,519.6597900390625,309.5782012939453,0.8195654659258391
IMG_1561,263.5213360476514,6584,meerkat_230,inactive,0.75,521.3954467773438,308.74024963378906,1.9273472177839994
IMG_1561,263.84153208173115,6592,meerkat_230,inactive,0.75,519.6456756591797,308.5095672607422,1.7649117040791733
IMG_1561,264.16172811581094,6600,meerkat_230,inactive,0.75,520.8426361083984,307.61277770996094,1.495642275206337
IMG_1561,264.4819241498907,6608,meerkat_230,inactive,0.75,522.7822418212891,307.3456573486328,1.9579130749126779
IMG_1561,264.8021201839705,6616,focal_group,out_of_view,1.0,,,
IMG_1561,265.12231621805023,6624,focal_group,out_of_view,1.0,,,
IMG_1561,265.44251225213003,6632,focal_group,out_of_view,1.0,,,
IMG_1561,265.7627082862098,6640,focal_group,out_of_view,1.0,,,
IMG_1561,266.0829043202896,6648,focal_group,out_of_view,1.0,,,
IMG_1561,266.4031003543693,6656,focal_group,out_of_view,1.0,,,
IMG_1561,266.72329638844906,6664,focal_group,out_of_view,1.0,,,
IMG_1561,267.04349242252886,6672,focal_group,out_of_view,1.0,,,
IMG_1561,267.3636884566086,6680,meerkat_0,active_movement,0.8,495.1998748779297,315.98541259765625,24.20855587687882
IMG_1561,267.6838844906884,6688,focal_group,out_of_view,1.0,,,
IMG_1561,268.00408052476814,6696,meerkat_0,active_movement,0.8,473.4972381591797,322.3902587890625,22.62800245893585
IMG_1561,268.32427655884794,6704,focal_group,out_of_view,1.0,,,
IMG_1561,268.6444725929277,6712,focal_group,out_of_view,1.0,,,
IMG_1561,268.9646686270075,6720,focal_group,out_of_view,1.0,,,
IMG_1561,269.2848646610872,6728,focal_group,out_of_view,1.0,,,
IMG_1561,269.605060695167,6736,meerkat_0,active_movement,0.8,534.1217041015625,279.46363830566406,74.28338048934536
IMG_1561,269.92525672924677,6744,focal_group,out_of_view,1.0,,,
IMG_1561,270.24545276332657,6752,focal_group,out_of_view,1.0,,,
IMG_1561,270.5656487974063,6760,focal_group,out_of_view,1.0,,,
IMG_1561,270.8858448314861,6768,meerkat_0,active_movement,0.8,511.4422607421875,249.86663055419922,37.28726349480971
IMG_1561,271.20604086556585,6776,focal_group,out_of_view,1.0,,,
IMG_1561,271.52623689964565,6784,focal_group,out_of_view,1.0,,,
IMG_1561,271.8464329337254,6792,focal_group,out_of_view,1.0,,,
IMG_1561,272.1666289678052,6800,focal_group,out_of_view,1.0,,,
IMG_1561,272.48682500188494,6808,focal_group,out_of_view,1.0,,,
IMG_1561,272.80702103596474,6816,meerkat_0,active_movement,0.8,496.8932189941406,304.28912353515625,56.333669843608874
IMG_1561,273.1272170700445,6824,focal_group,out_of_view,1.0,,,
IMG_1561,273.4474131041243,6832,focal_group,out_of_view,1.0,,,
IMG_1561,273.767609138204,6840,focal_group,out_of_view,1.0,,,
IMG_1561,274.0878051722838,6848,focal_group,out_of_view,1.0,,,
IMG_1561,274.40800120636356,6856,focal_group,out_of_view,1.0,,,
IMG_1561,274.72819724044336,6864,meerkat_0,active_movement,0.8,509.6968688964844,393.7966003417969,90.41859241944157
IMG_1561,275.0483932745231,6872,meerkat_0,exploratory,0.7,501.3246765136719,391.97276306152344,8.568546418135275
IMG_1561,275.3685893086029,6880,focal_group,out_of_view,1.0,,,
IMG_1561,275.68878534268265,6888,focal_group,out_of_view,1.0,,,
IMG_1561,276.00898137676245,6896,meerkat_0,exploratory,0.7,496.6878356933594,395.4218292236328,5.778957534324352
IMG_1561,276.3291774108422,6904,focal_group,out_of_view,1.0,,,
IMG_1561,276.649373444922,6912,meerkat_0,inactive,0.75,498.41932678222656,393.8103790283203,2.3653399592445847
IMG_1561,276.96956947900173,6920,meerkat_0,exploratory,0.7,490.5122985839844,405.31378173828125,13.958845540922564
IMG_1561,277.28976551308153,6928,focal_group,out_of_view,1.0,,,
IMG_1561,277.6099615471613,6936,meerkat_0,exploratory,0.7,500.141357421875,404.5904083251953,9.656191961550844
IMG_1561,277.9301575812411,6944,meerkat_0,exploratory,0.7,509.13037109375,410.2287139892578,10.610978162005374
IMG_1561,278.2503536153208,6952,meerkat_0,exploratory,0.7,520.5499420166016,415.8506317138672,12.728415414509142
IMG_1561,278.5705496494006,6960,focal_group,out_of_view,1.0,,,
IMG_1561,278.89074568348036,6968,meerkat_0,social_contact,0.7,519.7018280029297,414.1458740234375,1.9040735708647867
IMG_1561,278.89074568348036,6968,meerkat_1,social_contact,0.7,507.43629455566406,414.9021911621094,110.16419740950512
IMG_1561,279.21094171756016,6976,meerkat_236,inactive,0.75,516.4653625488281,414.7792510986328,0.0
IMG_1561,279.5311377516399,6984,meerkat_236,inactive,0.75,513.3883209228516,414.47320556640625,3.0922239627472536
IMG_1561,279.8513337857197,6992,focal_group,out_of_view,1.0,,,
IMG_1561,280.17152981979945,7000,meerkat_236,inactive,0.75,513.0106048583984,414.7490692138672,0.46772874332930375
IMG_1561,280.49172585387925,7008,meerkat_236,inactive,0.75,511.8246307373047,413.7966003417969,1.5210955157934647
IMG_1561,280.811921887959,7016,focal_group,out_of_view,1.0,,,
IMG_1561,281.1321179220388,7024,focal_group,out_of_view,1.0,,,
IMG_1561,281.45231395611853,7032,focal_group,out_of_view,1.0,,,
IMG_1561,281.77250999019833,7040,meerkat_0,social_contact,0.7,525.0123291015625,422.61695861816406,9.998034613342464
IMG_1561,281.77250999019833,7040,meerkat_1,social_contact,0.7,510.75225830078125,419.5567932128906,5.714974698987619
IMG_1561,282.0927060242781,7048,meerkat_0,inactive,0.75,521.3611602783203,423.00746154785156,3.6719921451318847
IMG_1561,282.4129020583579,7056,meerkat_237,inactive,0.75,522.8579406738281,422.4159851074219,0.0
IMG_1561,282.7330980924376,7064,focal_group,out_of_view,1.0,,,
IMG_1561,283.0532941265174,7072,focal_group,out_of_view,1.0,,,
IMG_1561,283.37349016059716,7080,focal_group,out_of_view,1.0,,,
IMG_1561,283.69368619467696,7088,meerkat_0,active_movement,0.8,227.53803253173828,321.3932342529297,310.89786359434555
IMG_1561,284.0138822287567,7096,meerkat_0,exploratory,0.7,226.6986846923828,326.7019500732422,5.374659845633667
IMG_1561,284.3340782628365,7104,focal_group,out_of_view,1.0,,,
IMG_1561,284.65427429691624,7112,meerkat_0,active_movement,0.8,488.20318603515625,367.8345489501953,264.71965343152164
IMG_1561,284.97447033099604,7120,focal_group,out_of_view,1.0,,,
IMG_1561,285.2946663650758,7128,meerkat_0,inactive,0.75,488.5186004638672,366.74278259277344,1.1364154350576536
IMG_1561,285.6148623991556,7136,meerkat_240,inactive,0.75,488.14479064941406,366.7618103027344,0.0
IMG_1561,285.9350584332353,7144,focal_group,out_of_view,1.0,,,
IMG_1561,286.2552544673151,7152,meerkat_0,active_movement,0.8,238.6248550415039,373.9262237548828,249.99697163795085
IMG_1561,286.57545050139487,7160,focal_group,out_of_view,1.0,,,
IMG_1561,286.89564653547467,7168,focal_group,out_of_view,1.0,,,
IMG_1561,287.2158425695544,7176,focal_group,out_of_view,1.0,,,
IMG_1561,287.5360386036342,7184,focal_group,out_of_view,1.0,,,
IMG_1561,287.85623463771395,7192,meerkat_0,active_movement,0.8,487.13018798828125,368.40049743652344,248.56675995461273
IMG_1561,288.17643067179375,7200,focal_group,out_of_view,1.0,,,
IMG_1561,288.4966267058735,7208,meerkat_0,active_movement,0.8,253.0779266357422,388.2990264892578,234.89659959799283
IMG_1561,288.8168227399533,7216,focal_group,out_of_view,1.0,,,
IMG_1561,289.13701877403304,7224,meerkat_0,inactive,0.75,252.4456329345703,386.8498229980469,1.581134429287908
IMG_1561,289.45721480811284,7232,focal_group,out_of_view,1.0,,,
IMG_1561,289.7774108421926,7240,focal_group,out_of_view,1.0,,,
IMG_1561,290.0976068762724,7248,focal_group,out_of_view,1.0,,,
IMG_1561,290.4178029103521,7256,focal_group,out_of_view,1.0,,,
IMG_1561,290.7379989444319,7264,focal_group,out_of_view,1.0,,,
IMG_1561,291.05819497851166,7272,focal_group,out_of_view,1.0,,,
IMG_1561,291.37839101259146,7280,focal_group,out_of_view,1.0,,,
IMG_1561,291.6985870466712,7288,focal_group,out_of_view,1.0,,,
IMG_1561,292.018783080751,7296,focal_group,out_of_view,1.0,,,
IMG_1561,292.33897911483075,7304,focal_group,out_of_view,1.0,,,
IMG_1561,292.65917514891055,7312,focal_group,out_of_view,1.0,,,
IMG_1561,292.9793711829903,7320,focal_group,out_of_view,1.0,,,
IMG_1561,293.29956721707003,7328,focal_group,out_of_view,1.0,,,
IMG_1561,293.61976325114983,7336,focal_group,out_of_view,1.0,,,
IMG_1561,293.9399592852296,7344,focal_group,out_of_view,1.0,,,
IMG_1561,294.2601553193094,7352,focal_group,out_of_view,1.0,,,
IMG_1561,294.5803513533891,7360,focal_group,out_of_view,1.0,,,
IMG_1561,294.9005473874689,7368,focal_group,out_of_view,1.0,,,
IMG_1561,295.22074342154866,7376,focal_group,out_of_view,1.0,,,
IMG_1561,295.54093945562846,7384,focal_group,out_of_view,1.0,,,
IMG_1561,295.8611354897082,7392,focal_group,out_of_view,1.0,,,
IMG_1561,296.181331523788,7400,focal_group,out_of_view,1.0,,,
IMG_1561,296.50152755786775,7408,focal_group,out_of_view,1.0,,,
IMG_1561,296.82172359194755,7416,focal_group,out_of_view,1.0,,,
IMG_1561,297.1419196260273,7424,focal_group,out_of_view,1.0,,,
IMG_1561,297.4621156601071,7432,focal_group,out_of_view,1.0,,,
IMG_1561,297.78231169418683,7440,focal_group,out_of_view,1.0,,,
IMG_1561,298.10250772826663,7448,focal_group,out_of_view,1.0,,,
IMG_1561,298.4227037623464,7456,focal_group,out_of_view,1.0,,,
IMG_1561,298.7428997964262,7464,focal_group,out_of_view,1.0,,,
IMG_1561,299.0630958305059,7472,focal_group,out_of_view,1.0,,,
IMG_1561,299.3832918645857,7480,focal_group,out_of_view,1.0,,,
IMG_1561,299.70348789866546,7488,focal_group,out_of_view,1.0,,,
IMG_1561,300.02368393274526,7496,meerkat_0,exploratory,0.7,246.46308135986328,386.95518493652344,5.983479295703221
IMG_1561,300.343879966825,7504,focal_group,out_of_view,1.0,,,
IMG_1561,300.6640760009048,7512,focal_group,out_of_view,1.0,,,
IMG_1561,300.98427203498454,7520,focal_group,out_of_view,1.0,,,
IMG_1561,301.30446806906434,7528,focal_group,out_of_view,1.0,,,
IMG_1561,301.6246641031441,7536,focal_group,out_of_view,1.0,,,
IMG_1561,301.9448601372239,7544,focal_group,out_of_view,1.0,,,
IMG_1561,302.2650561713036,7552,focal_group,out_of_view,1.0,,,
IMG_1561,302.5852522053834,7560,focal_group,out_of_view,1.0,,,
IMG_1561,302.90544823946317,7568,focal_group,out_of_view,1.0,,,
IMG_1561,303.22564427354297,7576,focal_group,out_of_view,1.0,,,
IMG_1561,303.5458403076227,7584,meerkat_0,social_contact,0.7,335.5270233154297,665.7119140625,292.6391972885341
IMG_1561,303.5458403076227,7584,meerkat_1,social_contact,0.7,317.0681915283203,666.0358581542969,313.47320009198404
IMG_1561,303.8660363417025,7592,meerkat_0,active_movement,0.8,368.81752014160156,676.8930053710938,35.118000822718685
IMG_1561,304.18623237578225,7600,meerkat_0,active_movement,0.8,414.6136474609375,684.3093566894531,46.39275314449616
IMG_1561,304.50642840986205,7608,focal_group,out_of_view,1.0,,,
IMG_1561,304.8266244439418,7616,focal_group,out_of_view,1.0,,,
IMG_1561,305.1468204780216,7624,focal_group,out_of_view,1.0,,,
IMG_1561,305.46701651210134,7632,focal_group,out_of_view,1.0,,,
IMG_1561,305.78721254618114,7640,meerkat_0,active_movement,0.8,698.3047180175781,623.3941955566406,290.1573372661966
IMG_1561,306.1074085802609,7648,meerkat_0,olfactory_interest,0.85,714.3973388671875,624.9840393066406,16.170963142580483
IMG_1561,306.4276046143407,7656,meerkat_0,active_movement,0.8,673.1837158203125,694.4608154296875,80.78109398307183
IMG_1561,306.4276046143407,7656,meerkat_1,active_movement,0.8,751.6246032714844,641.7620849609375,435.23383491192067
IMG_1561,306.7478006484204,7664,focal_group,out_of_view,1.0,,,
IMG_1561,307.0679966825002,7672,focal_group,out_of_view,1.0,,,
IMG_1561,307.38819271657997,7680,focal_group,out_of_view,1.0,,,
IMG_1561,307.70838875065976,7688,focal_group,out_of_view,1.0,,,
IMG_1561,308.0285847847395,7696,meerkat_0,active_movement,0.8,486.1927490234375,366.763427734375,377.2945792957566
IMG_1561,308.0285847847395,7696,meerkat_1,active_movement,0.8,456.78668212890625,274.1738586425781,471.22235077673736
IMG_1561,308.3487808188193,7704,meerkat_249,inactive,0.75,486.58924865722656,366.10508728027344,0.0
IMG_1561,308.66897685289905,7712,meerkat_249,inactive,0.75,486.322998046875,365.93170166015625,0.3177293829283046
IMG_1561,308.98917288697885,7720,meerkat_249,inactive,0.75,486.6047821044922,366.3226318359375,0.481901086804715
IMG_1561,309.3093689210586,7728,meerkat_249,inactive,0.75,486.5304870605469,366.65260314941406,0.33823190457478103
IMG_1561,309.6295649551384,7736,meerkat_0,active_movement,0.8,815.3391723632812,669.4857788085938,447.1892103319513
IMG_1561,309.94976098921813,7744,meerkat_0,social_contact,0.7,759.177978515625,605.7222290039062,84.96981804198998
IMG_1561,309.94976098921813,7744,meerkat_1,social_contact,0.7,773.765869140625,603.7072448730469,457.2396063762734
IMG_1561,310.26995702329793,7752,focal_group,out_of_view,1.0,,,
IMG_1561,310.5901530573777,7760,focal_group,out_of_view,1.0,,,
IMG_1561,310.9103490914575,7768,meerkat_0,active_movement,0.8,789.3244934082031,504.9029998779297,105.22988796784207
IMG_1561,311.2305451255372,7776,meerkat_0,exploratory,0.7,800.4399108886719,501.65733337402344,11.579587938251054
IMG_1561,311.550741159617,7784,focal_group,out_of_view,1.0,,,
IMG_1561,311.87093719369676,7792,focal_group,out_of_view,1.0,,,
IMG_1561,312.19113322777656,7800,focal_group,out_of_view,1.0,,,
IMG_1561,312.5113292618563,7808,focal_group,out_of_view,1.0,,,
IMG_1561,312.8315252959361,7816,focal_group,out_of_view,1.0,,,
IMG_1561,313.15172133001585,7824,focal_group,out_of_view,1.0,,,
IMG_1561,313.47191736409565,7832,meerkat_0,active_movement,0.8,487.15643310546875,365.85585021972656,341.45069963150684
IMG_1561,313.7921133981754,7840,focal_group,out_of_view,1.0,,,
IMG_1561,314.1123094322552,7848,meerkat_0,active_movement,0.8,772.9685668945312,509.3874206542969,319.8279029923296
IMG_1561,314.43250546633493,7856,focal_group,out_of_view,1.0,,,
IMG_1561,314.75270150041473,7864,meerkat_0,active_movement,0.8,487.4281921386719,365.67340087890625,319.66705350366965
IMG_1561,315.0728975344945,7872,meerkat_0,social_contact,0.7,651.9035034179688,491.0859680175781,206.83432987957653
IMG_1561,315.0728975344945,7872,meerkat_1,active_movement,0.8,487.38905334472656,365.6659240722656,372.391394951573
IMG_1561,315.0728975344945,7872,meerkat_2,social_contact,0.7,659.7874450683594,494.0689697265625,244.84613924701853
IMG_1561,315.3930935685743,7880,meerkat_0,active_movement,0.8,487.2695007324219,365.71189880371094,206.93721770505232
IMG_1561,315.713289602654,7888,focal_group,out_of_view,1.0,,,
IMG_1561,316.0334856367338,7896,meerkat_0,inactive,0.75,486.9936828613281,365.605224609375,0.29572771556266053
IMG_1561,316.35368167081356,7904,focal_group,out_of_view,1.0,,,
IMG_1561,316.67387770489336,7912,focal_group,out_of_view,1.0,,,
IMG_1561,316.9940737389731,7920,meerkat_249,inactive,0.75,486.0956573486328,366.00579833984375,0.7793800998527963
IMG_1561,317.3142697730529,7928,meerkat_249,inactive,0.75,486.18853759765625,365.8625030517578,0.17076381421802334
IMG_1561,317.63446580713264,7936,meerkat_249,inactive,0.75,486.3180389404297,365.95091247558594,0.15680186223940196
IMG_1561,317.95466184121244,7944,meerkat_249,inactive,0.75,486.3045959472656,365.93153381347656,0.02358488096977293
IMG_1561,318.2748578752922,7952,meerkat_0,inactive,0.75,486.8007507324219,366.1711730957031,0.5979301761421594
IMG_1561,318.595053909372,7960,meerkat_0,inactive,0.75,486.8162384033203,366.2844543457031,0.11433507577038994
IMG_1561,318.9152499434517,7968,focal_group,out_of_view,1.0,,,
IMG_1561,319.2354459775315,7976,meerkat_249,inactive,0.75,487.2629852294922,365.3734588623047,1.1090345654722562
IMG_1561,319.55564201161127,7984,meerkat_249,inactive,0.75,487.4735412597656,365.2713165283203,0.23402328575653394
IMG_1561,319.875838045691,7992,meerkat_249,inactive,0.75,487.1350555419922,365.26177978515625,0.338620038696437
IMG_1561,320.1960340797708,8000,meerkat_249,inactive,0.75,487.4430389404297,365.1399230957031,0.3312141701038578
IMG_1561,320.51623011385055,8008,meerkat_0,inactive,0.75,487.72833251953125,365.69496154785156,1.0860098689908275
IMG_1561,320.83642614793035,8016,meerkat_0,inactive,0.75,487.55047607421875,365.58375549316406,0.20976105867953077
IMG_1561,321.1566221820101,8024,meerkat_0,inactive,0.75,487.4926300048828,365.6827850341797,0.11468660659110741
IMG_1561,321.4768182160899,8032,meerkat_0,inactive,0.75,486.21209716796875,366.1443328857422,1.361172570138385
IMG_1561,321.79701425016964,8040,meerkat_249,inactive,0.75,487.0552215576172,365.5276794433594,0.5484134458228133
IMG_1561,322.11721028424944,8048,meerkat_0,inactive,0.75,486.88133239746094,365.5760955810547,0.8779347508966572
IMG_1561,322.4374063183292,8056,meerkat_0,inactive,0.75,486.82379150390625,365.8652801513672,0.2948536418935624
IMG_1561,322.757602352409,8064,meerkat_249,inactive,0.75,486.80418395996094,365.62493896484375,0.26921978002440844
IMG_1561,323.0777983864887,8072,meerkat_249,inactive,0.75,486.7959899902344,365.6753692626953,0.05109164394768612
IMG_1561,323.3979944205685,8080,meerkat_249,inactive,0.75,486.7748718261719,365.66636657714844,0.02295702943384833
IMG_1561,323.71819045464827,8088,meerkat_249,inactive,0.75,486.74839782714844,365.6717529296875,0.027016391653365456
IMG_1561,324.03838648872807,8096,focal_group,out_of_view,1.0,,,
IMG_1561,324.3585825228078,8104,focal_group,out_of_view,1.0,,,
IMG_1561,324.6787785568876,8112,focal_group,out_of_view,1.0,,,
IMG_1561,324.99897459096735,8120,focal_group,out_of_view,1.0,,,
IMG_1561,325.31917062504715,8128,focal_group,out_of_view,1.0,,,
IMG_1561,325.6393666591269,8136,meerkat_249,inactive,0.75,486.27098083496094,365.9793701171875,0.5679395376928512
IMG_1561,325.9595626932067,8144,meerkat_249,inactive,0.75,486.15293884277344,365.8503112792969,0.174900244588944
IMG_1561,326.27975872728643,8152,meerkat_249,inactive,0.75,486.1739807128906,365.6684112548828,0.18311302296632295
IMG_1561,326.59995476136623,8160,meerkat_249,inactive,0.75,486.17724609375,365.4535827636719,0.21485330657945348
IMG_1561,326.920150795446,8168,meerkat_249,inactive,0.75,486.41221618652344,365.2409973144531,0.3168651412154634
IMG_1561,327.2403468295258,8176,meerkat_249,inactive,0.75,486.51039123535156,365.2194519042969,0.10051141682020888
IMG_1561,327.5605428636055,8184,meerkat_249,inactive,0.75,486.8150329589844,365.3379669189453,0.3268828360056402
IMG_1561,327.8807388976853,8192,meerkat_249,inactive,0.75,487.02557373046875,365.4429168701172,0.2352486104278084
IMG_1561,328.20093493176506,8200,meerkat_249,inactive,0.75,487.510009765625,365.8551788330078,0.6361117812180015
IMG_1561,328.52113096584486,8208,meerkat_249,inactive,0.75,487.7104187011719,365.9004211425781,0.20545220374161843
IMG_1561,328.8413269999246,8216,meerkat_249,inactive,0.75,487.4689483642578,365.6048889160156,0.38163755127919435
IMG_1561,329.1615230340044,8224,meerkat_249,inactive,0.75,487.2720489501953,365.3970031738281,0.2863317325463658
IMG_1561,329.48171906808415,8232,meerkat_249,inactive,0.75,487.3205108642578,365.6448669433594,0.25255693488962394
IMG_1561,329.80191510216395,8240,meerkat_249,inactive,0.75,487.62298583984375,365.9757080078125,0.4482710349600901
IMG_1561,330.1221111362437,8248,meerkat_249,inactive,0.75,487.6893005371094,366.1374053955078,0.17476751489026698
IMG_1561,330.4423071703235,8256,meerkat_249,inactive,0.75,487.7047882080078,365.9281768798828,0.209800952572907
IMG_1561,330.76250320440323,8264,meerkat_249,inactive,0.75,487.6703186035156,365.89854431152344,0.04545594286142204
IMG_1561,331.08269923848303,8272,meerkat_249,inactive,0.75,488.08111572265625,365.9178009033203,0.41124820901964826
IMG_1561,331.4028952725628,8280,meerkat_249,inactive,0.75,488.0227355957031,365.7133331298828,0.21263891835116125
IMG_1561,331.7230913066426,8288,meerkat_249,inactive,0.75,488.19798278808594,365.1927947998047,0.5492465125229121
IMG_1561,332.0432873407223,8296,meerkat_249,inactive,0.75,487.81471252441406,366.36451721191406,1.23281365422943
IMG_1561,332.3634833748021,8304,meerkat_249,inactive,0.75,487.61944580078125,366.14703369140625,0.29228098646809936
IMG_1561,332.68367940888186,8312,meerkat_249,inactive,0.75,487.15399169921875,365.7248840332031,0.62837715950086
IMG_1561,333.00387544296166,8320,meerkat_249,inactive,0.75,486.9306335449219,365.5838928222656,0.26413516739073056
IMG_1561,333.3240714770414,8328,meerkat_249,inactive,0.75,487.2473602294922,365.6363983154297,0.3210492478285904
IMG_1561,333.6442675111212,8336,meerkat_249,inactive,0.75,487.2030792236328,365.26979064941406,0.3692722413901999
IMG_1561,333.96446354520094,8344,meerkat_249,inactive,0.75,487.1063232421875,364.64247131347656,0.6347371654366173
IMG_1561,334.28465957928074,8352,meerkat_249,inactive,0.75,486.91510009765625,364.6915588378906,0.1974230889676294
IMG_1561,334.6048556133605,8360,meerkat_249,inactive,0.75,486.749267578125,365.0944061279297,0.4356447677017353
IMG_1561,334.9250516474403,8368,meerkat_249,inactive,0.75,486.5831604003906,365.560302734375,0.494622322982028
IMG_1561,335.24524768152,8376,meerkat_249,inactive,0.75,486.32484436035156,366.03260803222656,0.5383302619397462
IMG_1561,335.5654437155998,8384,meerkat_249,inactive,0.75,487.0314483642578,365.63819885253906,0.8092266798358235
IMG_1561,335.88563974967957,8392,meerkat_249,inactive,0.75,487.3594970703125,365.57371520996094,0.3343263281650103
IMG_1561,336.20583578375937,8400,meerkat_249,inactive,0.75,487.68023681640625,366.28912353515625,0.7840172552202185
IMG_1561,336.5260318178391,8408,meerkat_249,inactive,0.75,488.5794372558594,366.5000305175781,0.9236033702553246
IMG_1561,336.8462278519189,8416,meerkat_249,inactive,0.75,488.30747985839844,366.7029724121094,0.3393320476902518
IMG_1561,337.16642388599865,8424,meerkat_249,social_contact,0.7,487.5624694824219,366.62310791015625,0.749278852620945
IMG_1561,337.16642388599865,8424,meerkat_264,social_contact,0.7,469.0499572753906,446.01104736328125,0.0
IMG_1561,337.48661992007845,8432,meerkat_249,social_contact,0.7,487.4272003173828,366.3642578125,0.2920635548421187
IMG_1561,337.48661992007845,8432,meerkat_264,social_contact,0.7,469.0190887451172,446.0993957519531,0.09358581058129922
IMG_1561,337.8068159541582,8440,meerkat_249,social_contact,0.7,487.9392395019531,366.6409606933594,0.5820211429246432
IMG_1561,337.8068159541582,8440,meerkat_264,social_contact,0.7,469.6455078125,445.6771545410156,0.7554392683695487
IMG_1561,338.127011988238,8448,meerkat_249,social_contact,0.7,487.8411102294922,366.6153564453125,0.10141465195798292
IMG_1561,338.127011988238,8448,meerkat_264,social_contact,0.7,470.4579162597656,445.271728515625,0.9079525027514289
IMG_1561,338.44720802231774,8456,meerkat_249,social_contact,0.7,487.3542938232422,366.6221923828125,0.4868643994334243
IMG_1561,338.44720802231774,8456,meerkat_264,social_contact,0.7,470.59283447265625,445.6313171386719,0.3840662729195934
IMG_1561,338.76740405639754,8464,meerkat_249,social_contact,0.7,487.37513732910156,366.4658966064453,0.15767948961970826
IMG_1561,338.76740405639754,8464,meerkat_264,social_contact,0.7,470.53343200683594,445.8421325683594,0.21902465235643828
IMG_1561,339.0876000904773,8472,meerkat_249,social_contact,0.7,486.4226989746094,365.9336395263672,1.0910712251732595
IMG_1561,339.0876000904773,8472,meerkat_264,social_contact,0.7,470.55613708496094,447.4955291748047,1.6535524965290753
IMG_1561,339.4077961245571,8480,meerkat_249,social_contact,0.7,486.09947204589844,366.03065490722656,0.3374724160093608
IMG_1561,339.4077961245571,8480,meerkat_264,social_contact,0.7,470.3545684814453,446.4256286621094,1.0887226501680451
IMG_1561,339.7279921586368,8488,meerkat_249,social_contact,0.7,486.2654266357422,365.19512939453125,0.8518472916285947
IMG_1561,339.7279921586368,8488,meerkat_264,social_contact,0.7,469.8623809814453,444.3626708984375,2.1208590876930775
IMG_1561,340.0481881927166,8496,meerkat_249,social_contact,0.7,485.45997619628906,364.60597229003906,0.9979261015670702
IMG_1561,340.0481881927166,8496,meerkat_264,social_contact,0.7,470.31727600097656,439.5098876953125,4.874057272470901
IMG_1561,340.36838422679637,8504,meerkat_249,social_contact,0.7,485.3985137939453,364.89019775390625,0.29079501579700934
IMG_1561,340.36838422679637,8504,meerkat_264,social_contact,0.7,469.7183837890625,439.5357360839844,0.599449764941359
IMG_1561,340.68858026087617,8512,meerkat_249,social_contact,0.7,486.3648223876953,365.235595703125,1.0261832398161748
IMG_1561,340.68858026087617,8512,meerkat_264,social_contact,0.7,469.71754455566406,444.5870666503906,5.051330636121811
IMG_1561,341.0087762949559,8520,meerkat_249,social_contact,0.7,487.1921081542969,365.0706329345703,0.8435724359121524
IMG_1561,341.0087762949559,8520,meerkat_264,social_contact,0.7,469.70997619628906,446.0008850097656,1.4138386164514838
IMG_1561,341.3289723290357,8528,meerkat_249,social_contact,0.7,487.6230010986328,365.3268585205078,0.5013185418149907
IMG_1561,341.3289723290357,8528,meerkat_264,social_contact,0.7,469.7122497558594,446.7215881347656,0.7207067111231068
IMG_1561,341.64916836311545,8536,meerkat_249,social_contact,0.7,487.5150604248047,365.46461486816406,0.1750085723216417
IMG_1561,341.64916836311545,8536,meerkat_264,social_contact,0.7,469.5889587402344,446.7984313964844,0.14527753234901913
IMG_1561,341.96936439719525,8544,meerkat_249,social_contact,0.7,487.3672637939453,365.60333251953125,0.20269788083305393
IMG_1561,341.96936439719525,8544,meerkat_264,social_contact,0.7,469.46728515625,446.77142333984375,0.12463505190397269
IMG_1561,342.289560431275,8552,meerkat_249,social_contact,0.7,487.1617736816406,365.8244934082031,0.301891246864043
IMG_1561,342.289560431275,8552,meerkat_264,social_contact,0.7,469.19285583496094,444.6641540527344,2.125063599231239
IMG_1561,342.6097564653548,8560,meerkat_249,social_contact,0.7,486.8426971435547,365.7144317626953,0.33752541084901166
IMG_1561,342.6097564653548,8560,meerkat_264,social_contact,0.7,469.1710205078125,444.5923309326172,0.07506891563788061
IMG_1561,342.92995249943453,8568,meerkat_249,social_contact,0.7,486.67144775390625,365.4991912841797,0.27505420746935977
IMG_1561,342.92995249943453,8568,meerkat_264,social_contact,0.7,470.6641540527344,445.72314453125,1.8730155305880025
IMG_1561,343.25014853351433,8576,meerkat_249,inactive,0.75,487.5791473388672,366.3114471435547,1.2180632650348167
IMG_1561,343.25014853351433,8576,meerkat_264,exploratory,0.7,477.9968719482422,458.9186248779297,15.096007860183116
IMG_1561,343.5703445675941,8584,meerkat_249,inactive,0.75,487.5819091796875,365.7047424316406,0.6067109981065468
IMG_1561,343.8905406016739,8592,meerkat_249,inactive,0.75,487.5540008544922,365.2513885498047,0.45421208349285525
IMG_1561,344.2107366357536,8600,meerkat_249,inactive,0.75,487.35296630859375,365.0868225097656,0.25980159772166395
IMG_1561,344.5309326698334,8608,meerkat_249,inactive,0.75,487.2742156982422,365.1238098144531,0.08700413403275492
IMG_1561,344.85112870391316,8616,meerkat_249,inactive,0.75,487.1390686035156,366.3380126953125,1.2217010162475253
IMG_1561,344.85112870391316,8616,meerkat_264,exploratory,0.7,488.4281005859375,462.8828582763672,11.159107371522246
IMG_1561,345.17132473799296,8624,meerkat_249,inactive,0.75,486.7251434326172,366.15394592285156,0.45300620727257945
IMG_1561,345.4915207720727,8632,meerkat_249,inactive,0.75,486.69464111328125,366.4587097167969,0.30628640450534594
IMG_1561,345.8117168061525,8640,meerkat_249,inactive,0.75,486.7635955810547,366.71630859375,0.2666681458919105
IMG_1561,346.13191284023225,8648,meerkat_249,inactive,0.75,487.25672912597656,366.5991668701172,0.5068558735408727
IMG_1561,346.452108874312,8656,meerkat_249,inactive,0.75,487.95372009277344,365.07435607910156,1.6765572928457109
IMG_1561,346.7723049083918,8664,meerkat_249,inactive,0.75,488.1389923095703,363.97239685058594,1.1174255839328093
IMG_1561,347.09250094247153,8672,meerkat_249,inactive,0.75,487.9281005859375,364.6602478027344,0.7194541343743398
IMG_1561,347.41269697655133,8680,meerkat_249,inactive,0.75,487.50498962402344,365.0293273925781,0.5614647181533974
IMG_1561,347.7328930106311,8688,meerkat_249,inactive,0.75,487.3144836425781,365.16236877441406,0.2323629450821655
IMG_1561,348.0530890447109,8696,meerkat_249,inactive,0.75,487.1652069091797,365.2316131591797,0.16455493901939894
IMG_1561,348.3732850787906,8704,meerkat_249,inactive,0.75,486.99034118652344,365.45025634765625,0.2799693998052112
IMG_1561,348.6934811128704,8712,meerkat_249,inactive,0.75,486.84104919433594,365.42384338378906,0.15161049960857564
IMG_1561,349.01367714695016,8720,meerkat_249,inactive,0.75,486.7816925048828,365.4502716064453,0.0649743606017254
IMG_1561,349.33387318102996,8728,meerkat_249,inactive,0.75,486.7786407470703,365.4773864746094,0.027286064232509694
IMG_1561,349.6540692151097,8736,meerkat_249,inactive,0.75,486.9132385253906,365.6177215576172,0.19444921561058973
IMG_1561,349.9742652491895,8744,meerkat_249,inactive,0.75,486.9344940185547,365.6447448730469,0.034381034982383735
IMG_1561,350.29446128326924,8752,meerkat_249,inactive,0.75,486.9345703125,365.75579833984375,0.1110534930039155
IMG_1561,350.61465731734904,8760,meerkat_249,inactive,0.75,486.9382019042969,365.95899963378906,0.20323374306455222
IMG_1561,350.9348533514288,8768,meerkat_249,inactive,0.75,486.9540100097656,366.05812072753906,0.10037373872038151
IMG_1561,351.2550493855086,8776,meerkat_249,inactive,0.75,486.73963928222656,365.88848876953125,0.27336753648374423
IMG_1561,351.5752454195883,8784,meerkat_249,inactive,0.75,486.69435119628906,365.8509216308594,0.058841317421300755
IMG_1561,351.8954414536681,8792,meerkat_249,inactive,0.75,486.81414794921875,365.62322998046875,0.25728340340974815
IMG_1561,352.21563748774787,8800,meerkat_249,inactive,0.75,486.7609100341797,365.6108856201172,0.0546503323887025
IMG_1561,352.53583352182767,8808,meerkat_249,inactive,0.75,486.7104187011719,365.5997314453125,0.051708706466893385
IMG_1561,352.8560295559074,8816,meerkat_249,inactive,0.75,486.6778869628906,365.7276916503906,0.13203078458918419
IMG_1561,353.1762255899872,8824,meerkat_249,inactive,0.75,486.7566375732422,365.78379821777344,0.09669335827359449
IMG_1561,353.49642162406695,8832,meerkat_249,inactive,0.75,486.8090515136719,365.88099670410156,0.110429918481567
IMG_1561,353.81661765814675,8840,meerkat_249,inactive,0.75,486.8080749511719,365.9734344482422,0.09244290246484074
IMG_1561,354.1368136922265,8848,meerkat_249,inactive,0.75,487.0144348144531,366.3202819824219,0.4035933660752933
IMG_1561,354.4570097263063,8856,meerkat_249,inactive,0.75,487.13243103027344,366.3413391113281,0.11986037554458186
IMG_1561,354.77720576038604,8864,meerkat_249,inactive,0.75,487.1865539550781,366.30029296875,0.06792699617941031
IMG_1561,355.09740179446584,8872,meerkat_249,inactive,0.75,487.1551971435547,366.28419494628906,0.03524763759557839
IMG_1561,355.4175978285456,8880,meerkat_249,inactive,0.75,487.0608367919922,365.99560546875,0.3036243773040427
IMG_1561,355.7377938626254,8888,meerkat_249,inactive,0.75,486.9591522216797,365.8921661376953,0.14504980885433458
IMG_1561,356.0579898967051,8896,meerkat_249,inactive,0.75,486.9178771972656,365.69654846191406,0.1999247426369225
IMG_1561,356.3781859307849,8904,meerkat_249,inactive,0.75,487.1777038574219,365.76914978027344,0.2697792518995313
IMG_1561,356.69838196486467,8912,meerkat_249,inactive,0.75,486.85606384277344,366.3223114013672,0.6398750487978981
IMG_1561,357.01857799894447,8920,meerkat_249,inactive,0.75,486.6437225341797,366.20909118652344,0.24064008058627948
IMG_1561,357.3387740330242,8928,meerkat_249,inactive,0.75,486.42018127441406,366.01023864746094,0.29918727765265307
IMG_1561,357.658970067104,8936,meerkat_249,inactive,0.75,486.1313781738281,365.81488037109375,0.34867189025387396
IMG_1561,357.97916610118375,8944,meerkat_249,inactive,0.75,486.1016082763672,365.8201599121094,0.030234423231978474
IMG_1561,358.29936213526355,8952,meerkat_249,inactive,0.75,486.4451904296875,365.54066467285156,0.44290663220142074
IMG_1561,358.6195581693433,8960,meerkat_249,inactive,0.75,487.0400848388672,365.4222106933594,0.6065729167468533
IMG_1561,358.9397542034231,8968,meerkat_249,inactive,0.75,487.38575744628906,365.37432861328125,0.3489731295020373
IMG_1561,359.25995023750284,8976,meerkat_249,inactive,0.75,487.5256652832031,365.35581970214844,0.14112683168446127
IMG_1561,359.58014627158263,8984,meerkat_249,inactive,0.75,487.6052551269531,365.29905700683594,0.09775759206981892
IMG_1561,359.9003423056624,8992,meerkat_249,inactive,0.75,487.7142028808594,365.5152130126953,0.24205997593632653
IMG_1561,360.2205383397422,9000,meerkat_249,inactive,0.75,487.9320068359375,365.5585632324219,0.22207612298042115
IMG_1561,360.5407343738219,9008,meerkat_249,inactive,0.75,488.000244140625,365.66441345214844,0.12593886916745073
IMG_1561,360.8609304079017,9016,meerkat_249,inactive,0.75,488.0017547607422,365.69261169433594,0.028238676236738796
IMG_1561,361.18112644198146,9024,meerkat_249,inactive,0.75,487.7123260498047,365.68907165527344,0.28945035945997194
IMG_1561,361.50132247606126,9032,meerkat_249,inactive,0.75,487.6036834716797,365.8641052246094,0.20600961185373165
IMG_1561,361.821518510141,9040,meerkat_249,inactive,0.75,487.58006286621094,366.1772155761719,0.31400004022022465
IMG_1561,362.1417145442208,9048,meerkat_249,inactive,0.75,487.2198181152344,365.5812072753906,0.6964209755645779
IMG_1561,362.46191057830055,9056,meerkat_249,inactive,0.75,487.07679748535156,365.3128356933594,0.30410229629851926
IMG_1561,362.78210661238035,9064,meerkat_249,inactive,0.75,487.11865234375,365.19908142089844,0.12120999824548492
IMG_1561,363.1023026464601,9072,meerkat_249,inactive,0.75,487.13848876953125,365.11866760253906,0.08282430785047103
IMG_1561,363.4224986805399,9080,meerkat_249,inactive,0.75,487.1733703613281,365.12806701660156,0.03612581391473609
IMG_1561,363.74269471461963,9088,meerkat_249,inactive,0.75,487.1724090576172,365.2726135253906,0.1445497053194201
IMG_1561,364.06289074869943,9096,meerkat_249,inactive,0.75,487.1386413574219,365.6186065673828,0.34763694090744746
IMG_1561,364.3830867827792,9104,meerkat_249,inactive,0.75,486.9260711669922,365.9531707763672,0.39638276424770813
IMG_1561,364.703282816859,9112,meerkat_249,inactive,0.75,486.8376007080078,365.7300109863281,0.24005689742888964
IMG_1561,365.0234788509387,9120,meerkat_249,inactive,0.75,486.73081970214844,365.56285095214844,0.19835488458642547
IMG_1561,365.3436748850185,9128,meerkat_249,inactive,0.75,486.88600158691406,365.578369140625,0.1559558640545646
IMG_1561,365.66387091909826,9136,meerkat_249,inactive,0.75,487.1569519042969,366.3898620605469,0.8555319009675662
IMG_1561,365.98406695317806,9144,meerkat_249,inactive,0.75,487.16627502441406,366.6452331542969,0.25554122190322015
IMG_1561,366.3042629872578,9152,meerkat_249,inactive,0.75,487.34246826171875,366.236083984375,0.44547401733396896
IMG_1561,366.6244590213376,9160,meerkat_249,inactive,0.75,487.37432861328125,366.1675720214844,0.07555773329588754
IMG_1561,366.94465505541734,9168,meerkat_249,inactive,0.75,487.0907745361328,365.97747802734375,0.3413775641073063
IMG_1561,367.26485108949714,9176,meerkat_249,inactive,0.75,487.13282775878906,365.6059265136719,0.37392379016002397
IMG_1561,367.5850471235769,9184,meerkat_249,inactive,0.75,486.9947204589844,365.4830017089844,0.18488951800143202
IMG_1561,367.9052431576567,9192,meerkat_249,inactive,0.75,486.92706298828125,365.3592071533203,0.14107666481033243
IMG_1561,368.2254391917364,9200,meerkat_249,inactive,0.75,487.053955078125,365.2851104736328,0.14694189465780785
IMG_1561,368.5456352258162,9208,meerkat_249,inactive,0.75,487.12867736816406,365.2866668701172,0.07473849743404234
IMG_1561,368.86583125989597,9216,meerkat_249,inactive,0.75,487.1587677001953,365.2781219482422,0.03128008586306507
IMG_1561,369.18602729397577,9224,meerkat_249,inactive,0.75,487.113525390625,365.6296844482422,0.3544616452897351
IMG_1561,369.5062233280555,9232,meerkat_249,inactive,0.75,487.1529235839844,365.719970703125,0.09850799693805008
IMG_1561,369.8264193621353,9240,meerkat_249,inactive,0.75,487.1685028076172,365.7367401123047,0.022889414436305943
IMG_1561,370.14661539621505,9248,meerkat_249,inactive,0.75,487.1452178955078,365.6055450439453,0.13324538676352887
IMG_1561,370.46681143029485,9256,meerkat_249,inactive,0.75,487.2144470214844,365.22950744628906,0.38235709321858086
IMG_1561,370.7870074643746,9264,meerkat_249,inactive,0.75,487.2606201171875,365.1190185546875,0.11974869491627776
IMG_1561,371.1072034984544,9272,meerkat_249,inactive,0.75,487.2332763671875,365.1614074707031,0.05044304575501176
IMG_1561,371.42739953253414,9280,meerkat_249,inactive,0.75,487.1277160644531,365.08778381347656,0.12869895266390968
IMG_1561,371.74759556661394,9288,meerkat_249,inactive,0.75,487.0086975097656,365.4817352294922,0.4115375250698501
IMG_1561,372.0677916006937,9296,meerkat_249,inactive,0.75,486.9340515136719,365.74989318847656,0.27835358036047225
IMG_1561,372.3879876347735,9304,meerkat_249,inactive,0.75,487.1075744628906,365.3758850097656,0.4123012632144673
IMG_1561,372.7081836688532,9312,meerkat_249,inactive,0.75,487.1483917236328,365.7588653564453,0.3851493148343761
IMG_1561,373.02837970293297,9320,meerkat_249,inactive,0.75,487.3258819580078,365.7781524658203,0.1785350830692266
IMG_1561,373.34857573701277,9328,meerkat_249,inactive,0.75,487.4423522949219,365.6633605957031,0.16353138177694357
IMG_1561,373.6687717710925,9336,meerkat_249,inactive,0.75,487.44081115722656,365.64686584472656,0.01656659033038249
IMG_1561,373.9889678051723,9344,meerkat_249,inactive,0.75,487.3822021484375,365.2698516845703,0.38154251777430903
IMG_1561,374.30916383925205,9352,meerkat_249,inactive,0.75,487.4762268066406,365.2208557128906,0.10602472160327148
IMG_1561,374.62935987333185,9360,meerkat_249,inactive,0.75,486.9196319580078,365.19189453125,0.557347804845955
IMG_1561,374.9495559074116,9368,meerkat_249,inactive,0.75,486.7262268066406,365.405517578125,0.28816724090625423
IMG_1561,374.9495559074116,9368,meerkat_284,inactive,0.75,557.0716857910156,403.2311553955078,0.0
IMG_1561,375.2697519414914,9376,meerkat_249,inactive,0.75,486.75477600097656,365.39447021484375,0.030612101082726037
IMG_1561,375.2697519414914,9376,meerkat_284,inactive,0.75,557.3421325683594,403.2268981933594,0.2704802823603831
IMG_1561,375.58994797557114,9384,meerkat_249,inactive,0.75,486.78118896484375,365.40496826171875,0.02842276637554919
IMG_1561,375.58994797557114,9384,meerkat_284,inactive,0.75,557.5453186035156,403.1240997314453,0.22771053698591512
IMG_1561,375.91014400965094,9392,meerkat_249,inactive,0.75,486.5913391113281,365.40565490722656,0.1898510952350754
IMG_1561,375.91014400965094,9392,meerkat_284,exploratory,0.7,553.2636108398438,403.34869384765625,4.287594184449431
IMG_1561,376.2303400437307,9400,meerkat_249,inactive,0.75,486.7158966064453,365.4516906738281,0.13279255022952804
IMG_1561,376.5505360778105,9408,meerkat_0,active_movement,0.8,538.25390625,400.7444305419922,62.141868613425245
IMG_1561,376.5505360778105,9408,meerkat_1,active_movement,0.8,219.1748046875,249.8429183959961,292.15381535527774
IMG_1561,376.8707321118902,9416,meerkat_0,active_movement,0.8,219.06697845458984,251.7389678955078,352.25405998223107
IMG_1561,377.19092814597,9424,focal_group,out_of_view,1.0,,,
IMG_1561,377.51112418004976,9432,meerkat_0,active_movement,0.8,530.8833923339844,393.4461975097656,342.5060800767686
IMG_1561,377.83132021412956,9440,meerkat_286,inactive,0.75,531.1864624023438,393.0323181152344,0.0
IMG_1561,378.1515162482093,9448,meerkat_0,exploratory,0.7,518.9737854003906,398.801025390625,13.058059539852513
IMG_1561,378.1515162482093,9448,meerkat_1,active_movement,0.8,231.05178833007812,264.1660690307617,18.606863909650528
IMG_1561,378.4717122822891,9456,meerkat_286,inactive,0.75,530.2638549804688,391.398193359375,1.876584176798711
IMG_1561,378.79190831636885,9464,meerkat_0,exploratory,0.7,516.4836273193359,393.23370361328125,6.098848993140257
IMG_1561,379.11210435044865,9472,meerkat_286,exploratory,0.7,519.4468536376953,395.7908172607422,11.674873138001313
IMG_1561,379.4323003845284,9480,meerkat_286,exploratory,0.7,516.01171875,398.8125,4.575010193801767
IMG_1561,379.7524964186082,9488,meerkat_286,inactive,0.75,518.6084594726562,397.1493377685547,3.0836943734435573
IMG_1561,380.07269245268793,9496,meerkat_286,inactive,0.75,517.4150085449219,397.1550598144531,1.193464644938971
IMG_1561,380.39288848676773,9504,meerkat_286,exploratory,0.7,519.2569580078125,402.2074890136719,5.377715001463101
IMG_1561,380.7130845208475,9512,meerkat_284,active_movement,0.8,530.2631530761719,415.3212127685547,25.92994922188867
IMG_1561,381.0332805549273,9520,meerkat_284,inactive,0.75,529.1045837402344,416.1178283691406,1.406015405773192
IMG_1561,381.353476589007,9528,meerkat_0,active_movement,0.8,532.4409484863281,413.0602111816406,25.450471531677923
IMG_1561,381.6736726230868,9536,focal_group,out_of_view,1.0,,,
IMG_1561,381.99386865716656,9544,meerkat_0,social_contact,0.7,531.1367797851562,413.4632110595703,1.36501461630551
IMG_1561,381.99386865716656,9544,meerkat_1,social_contact,0.7,537.6369476318359,417.39772033691406,342.7453848939391
IMG_1561,382.31406469124636,9552,meerkat_0,exploratory,0.7,529.2664337158203,418.6908721923828,5.552173929065881
IMG_1561,382.6342607253261,9560,focal_group,out_of_view,1.0,,,
IMG_1561,382.9544567594059,9568,focal_group,out_of_view,1.0,,,
IMG_1561,383.27465279348564,9576,focal_group,out_of_view,1.0,,,
IMG_1561,383.59484882756544,9584,focal_group,out_of_view,1.0,,,
IMG_1561,383.9150448616452,9592,meerkat_0,active_movement,0.8,252.45864868164062,265.8243865966797,316.213080491478
IMG_1561,384.235240895725,9600,meerkat_0,inactive,0.75,252.01531219482422,268.65369415283203,2.863831085773646
IMG_1561,384.5554369298047,9608,focal_group,out_of_view,1.0,,,
IMG_1561,384.8756329638845,9616,focal_group,out_of_view,1.0,,,
IMG_1561,385.19582899796427,9624,focal_group,out_of_view,1.0,,,
IMG_1561,385.51602503204407,9632,focal_group,out_of_view,1.0,,,
IMG_1561,385.8362210661238,9640,focal_group,out_of_view,1.0,,,
IMG_1561,386.1564171002036,9648,focal_group,out_of_view,1.0,,,
IMG_1561,386.47661313428335,9656,focal_group,out_of_view,1.0,,,
IMG_1561,386.79680916836315,9664,focal_group,out_of_view,1.0,,,
IMG_1561,387.1170052024429,9672,focal_group,out_of_view,1.0,,,
IMG_1561,387.4372012365227,9680,focal_group,out_of_view,1.0,,,
IMG_1561,387.75739727060244,9688,focal_group,out_of_view,1.0,,,
IMG_1561,388.07759330468224,9696,focal_group,out_of_view,1.0,,,
IMG_1561,388.397789338762,9704,focal_group,out_of_view,1.0,,,
IMG_1561,388.7179853728418,9712,focal_group,out_of_view,1.0,,,
IMG_1561,389.0381814069215,9720,focal_group,out_of_view,1.0,,,
IMG_1561,389.3583774410013,9728,focal_group,out_of_view,1.0,,,
IMG_1561,389.67857347508107,9736,focal_group,out_of_view,1.0,,,
IMG_1561,389.99876950916087,9744,focal_group,out_of_view,1.0,,,
IMG_1561,390.3189655432406,9752,focal_group,out_of_view,1.0,,,
IMG_1561,390.6391615773204,9760,focal_group,out_of_view,1.0,,,
IMG_1561,390.95935761140015,9768,focal_group,out_of_view,1.0,,,
IMG_1561,391.27955364547995,9776,focal_group,out_of_view,1.0,,,
IMG_1561,391.5997496795597,9784,focal_group,out_of_view,1.0,,,
IMG_1561,391.9199457136395,9792,focal_group,out_of_view,1.0,,,
IMG_1561,392.24014174771924,9800,focal_group,out_of_view,1.0,,,
IMG_1561,392.56033778179903,9808,focal_group,out_of_view,1.0,,,
IMG_1561,392.8805338158788,9816,focal_group,out_of_view,1.0,,,
IMG_1561,393.2007298499586,9824,focal_group,out_of_view,1.0,,,
IMG_1561,393.5209258840383,9832,focal_group,out_of_view,1.0,,,
IMG_1561,393.8411219181181,9840,focal_group,out_of_view,1.0,,,
IMG_1561,394.16131795219786,9848,focal_group,out_of_view,1.0,,,
IMG_1561,394.48151398627766,9856,focal_group,out_of_view,1.0,,,
IMG_1561,394.8017100203574,9864,focal_group,out_of_view,1.0,,,
IMG_1561,395.1219060544372,9872,focal_group,out_of_view,1.0,,,
IMG_1561,395.44210208851695,9880,focal_group,out_of_view,1.0,,,
IMG_1561,395.76229812259675,9888,focal_group,out_of_view,1.0,,,
IMG_1561,396.0824941566765,9896,focal_group,out_of_view,1.0,,,
IMG_1561,396.4026901907563,9904,focal_group,out_of_view,1.0,,,
IMG_1561,396.72288622483603,9912,focal_group,out_of_view,1.0,,,
IMG_1561,397.04308225891583,9920,focal_group,out_of_view,1.0,,,
IMG_1561,397.3632782929956,9928,focal_group,out_of_view,1.0,,,
IMG_1561,397.6834743270754,9936,focal_group,out_of_view,1.0,,,
IMG_1561,398.0036703611551,9944,focal_group,out_of_view,1.0,,,
IMG_1561,398.3238663952349,9952,focal_group,out_of_view,1.0,,,
IMG_1561,398.64406242931466,9960,focal_group,out_of_view,1.0,,,
IMG_1561,398.96425846339446,9968,focal_group,out_of_view,1.0,,,
IMG_1561,399.2844544974742,9976,focal_group,out_of_view,1.0,,,
IMG_1561,399.60465053155394,9984,focal_group,out_of_view,1.0,,,
IMG_1561,399.92484656563374,9992,focal_group,out_of_view,1.0,,,
IMG_1561,400.2450425997135,10000,focal_group,out_of_view,1.0,,,
IMG_1561,400.5652386337933,10008,focal_group,out_of_view,1.0,,,
IMG_1561,400.885434667873,10016,focal_group,out_of_view,1.0,,,
IMG_1561,401.2056307019528,10024,focal_group,out_of_view,1.0,,,
IMG_1561,401.52582673603257,10032,focal_group,out_of_view,1.0,,,
IMG_1561,401.84602277011237,10040,focal_group,out_of_view,1.0,,,
IMG_1561,402.1662188041921,10048,focal_group,out_of_view,1.0,,,
IMG_1561,402.4864148382719,10056,focal_group,out_of_view,1.0,,,
IMG_1561,402.80661087235165,10064,focal_group,out_of_view,1.0,,,
IMG_1561,403.12680690643145,10072,focal_group,out_of_view,1.0,,,
IMG_1561,403.4470029405112,10080,focal_group,out_of_view,1.0,,,
IMG_1561,403.767198974591,10088,focal_group,out_of_view,1.0,,,
IMG_1561,404.08739500867074,10096,focal_group,out_of_view,1.0,,,
IMG_1561,404.40759104275054,10104,focal_group,out_of_view,1.0,,,
IMG_1561,404.7277870768303,10112,focal_group,out_of_view,1.0,,,
IMG_1561,405.0479831109101,10120,focal_group,out_of_view,1.0,,,
IMG_1561,405.3681791449898,10128,focal_group,out_of_view,1.0,,,
IMG_1561,405.6883751790696,10136,focal_group,out_of_view,1.0,,,
IMG_1561,406.00857121314937,10144,focal_group,out_of_view,1.0,,,
IMG_1561,406.32876724722917,10152,focal_group,out_of_view,1.0,,,
IMG_1561,406.6489632813089,10160,focal_group,out_of_view,1.0,,,
IMG_1561,406.9691593153887,10168,focal_group,out_of_view,1.0,,,
IMG_1561,407.28935534946845,10176,focal_group,out_of_view,1.0,,,
IMG_1561,407.60955138354825,10184,focal_group,out_of_view,1.0,,,
IMG_1561,407.929747417628,10192,focal_group,out_of_view,1.0,,,
IMG_1561,408.2499434517078,10200,focal_group,out_of_view,1.0,,,
IMG_1561,408.57013948578754,10208,focal_group,out_of_view,1.0,,,
IMG_1561,408.89033551986734,10216,focal_group,out_of_view,1.0,,,
IMG_1561,409.2105315539471,10224,focal_group,out_of_view,1.0,,,
IMG_1561,409.5307275880269,10232,focal_group,out_of_view,1.0,,,
IMG_1561,409.8509236221066,10240,focal_group,out_of_view,1.0,,,
IMG_1561,410.1711196561864,10248,focal_group,out_of_view,1.0,,,
IMG_1561,410.49131569026616,10256,focal_group,out_of_view,1.0,,,
IMG_1561,410.81151172434596,10264,focal_group,out_of_view,1.0,,,
IMG_1561,411.1317077584257,10272,focal_group,out_of_view,1.0,,,
IMG_1561,411.4519037925055,10280,focal_group,out_of_view,1.0,,,
IMG_1561,411.77209982658525,10288,focal_group,out_of_view,1.0,,,
IMG_1561,412.09229586066505,10296,focal_group,out_of_view,1.0,,,
IMG_1561,412.4124918947448,10304,focal_group,out_of_view,1.0,,,
IMG_1561,412.7326879288246,10312,focal_group,out_of_view,1.0,,,
IMG_1561,413.05288396290433,10320,focal_group,out_of_view,1.0,,,
IMG_1561,413.37307999698413,10328,focal_group,out_of_view,1.0,,,
IMG_1561,413.6932760310639,10336,focal_group,out_of_view,1.0,,,
IMG_1561,414.0134720651437,10344,focal_group,out_of_view,1.0,,,
IMG_1561,414.3336680992234,10352,focal_group,out_of_view,1.0,,,
IMG_1561,414.6538641333032,10360,focal_group,out_of_view,1.0,,,
IMG_1561,414.97406016738296,10368,focal_group,out_of_view,1.0,,,
IMG_1561,415.29425620146276,10376,focal_group,out_of_view,1.0,,,
IMG_1561,415.6144522355425,10384,focal_group,out_of_view,1.0,,,
IMG_1561,415.9346482696223,10392,focal_group,out_of_view,1.0,,,
IMG_1561,416.25484430370204,10400,focal_group,out_of_view,1.0,,,
IMG_1561,416.57504033778184,10408,focal_group,out_of_view,1.0,,,
IMG_1561,416.8952363718616,10416,focal_group,out_of_view,1.0,,,
IMG_1561,417.2154324059414,10424,focal_group,out_of_view,1.0,,,
IMG_1561,417.5356284400211,10432,focal_group,out_of_view,1.0,,,
IMG_1561,417.8558244741009,10440,focal_group,out_of_view,1.0,,,
IMG_1561,418.17602050818067,10448,focal_group,out_of_view,1.0,,,
IMG_1561,418.49621654226047,10456,focal_group,out_of_view,1.0,,,
IMG_1561,418.8164125763402,10464,focal_group,out_of_view,1.0,,,
IMG_1561,419.13660861042,10472,focal_group,out_of_view,1.0,,,
IMG_1561,419.45680464449975,10480,focal_group,out_of_view,1.0,,,
IMG_1561,419.77700067857955,10488,focal_group,out_of_view,1.0,,,
IMG_1561,420.0971967126593,10496,focal_group,out_of_view,1.0,,,
IMG_1561,420.4173927467391,10504,focal_group,out_of_view,1.0,,,
IMG_1561,420.73758878081884,10512,focal_group,out_of_view,1.0,,,
IMG_1561,421.05778481489864,10520,focal_group,out_of_view,1.0,,,
IMG_1561,421.3779808489784,10528,focal_group,out_of_view,1.0,,,
IMG_1561,421.6981768830582,10536,focal_group,out_of_view,1.0,,,
IMG_1561,422.0183729171379,10544,focal_group,out_of_view,1.0,,,
IMG_1561,422.3385689512177,10552,focal_group,out_of_view,1.0,,,
IMG_1561,422.65876498529747,10560,focal_group,out_of_view,1.0,,,
IMG_1561,422.97896101937727,10568,focal_group,out_of_view,1.0,,,
IMG_1561,423.299157053457,10576,focal_group,out_of_view,1.0,,,
IMG_1561,423.6193530875368,10584,focal_group,out_of_view,1.0,,,
IMG_1561,423.93954912161655,10592,focal_group,out_of_view,1.0,,,
IMG_1561,424.25974515569635,10600,focal_group,out_of_view,1.0,,,
IMG_1561,424.5799411897761,10608,focal_group,out_of_view,1.0,,,
IMG_1561,424.9001372238559,10616,focal_group,out_of_view,1.0,,,
IMG_1561,425.22033325793564,10624,focal_group,out_of_view,1.0,,,
IMG_1561,425.54052929201544,10632,focal_group,out_of_view,1.0,,,
IMG_1561,425.8607253260952,10640,focal_group,out_of_view,1.0,,,
IMG_1561,426.1809213601749,10648,focal_group,out_of_view,1.0,,,
IMG_1561,426.5011173942547,10656,focal_group,out_of_view,1.0,,,
IMG_1561,426.82131342833446,10664,focal_group,out_of_view,1.0,,,
IMG_1561,427.14150946241426,10672,focal_group,out_of_view,1.0,,,
IMG_1561,427.461705496494,10680,focal_group,out_of_view,1.0,,,
IMG_1561,427.7819015305738,10688,meerkat_0,active_movement,0.8,526.0643615722656,363.0593719482422,289.8539519563087
IMG_1561,428.10209756465355,10696,meerkat_296,inactive,0.75,525.9670715332031,358.7329559326172,0.0
IMG_1561,428.42229359873335,10704,meerkat_296,inactive,0.75,526.0162811279297,355.3461608886719,3.3871525288811077
IMG_1561,428.7424896328131,10712,meerkat_296,inactive,0.75,526.1674652099609,354.15394592285156,1.2017625187138932
IMG_1561,429.0626856668929,10720,meerkat_296,inactive,0.75,526.3101501464844,355.17529296875,1.0312656201368116
IMG_1561,429.38288170097263,10728,meerkat_296,inactive,0.75,526.1074371337891,355.3616638183594,0.2753664088085731
IMG_1561,429.70307773505243,10736,meerkat_296,inactive,0.75,526.0539245605469,352.4361572265625,2.9259959696045326
IMG_1561,430.0232737691322,10744,meerkat_296,inactive,0.75,525.1171417236328,354.7839660644531,2.527799126278448
IMG_1561,430.343469803212,10752,meerkat_296,inactive,0.75,524.8047943115234,354.8421173095703,0.31771445223675765
IMG_1561,430.6636658372917,10760,meerkat_296,inactive,0.75,525.1208953857422,354.27699279785156,0.6475226659103165
IMG_1561,430.9838618713715,10768,meerkat_296,inactive,0.75,525.6552276611328,354.63523864746094,0.6433125751036316
IMG_1561,431.30405790545126,10776,meerkat_296,inactive,0.75,526.4651641845703,354.6533966064453,0.8101400394206562
IMG_1561,431.62425393953106,10784,meerkat_296,inactive,0.75,527.0451812744141,355.23194885253906,0.8192328887263596
IMG_1561,431.9444499736108,10792,meerkat_296,inactive,0.75,527.2491760253906,355.83355712890625,0.6352530020546837
IMG_1561,432.2646460076906,10800,meerkat_296,inactive,0.75,527.3972473144531,356.63645935058594,0.8164417212653996
IMG_1561,432.58484204177034,10808,meerkat_296,inactive,0.75,527.6515960693359,356.31886291503906,0.40689161331061785
IMG_1561,432.90503807585014,10816,meerkat_296,inactive,0.75,527.0700836181641,356.37396240234375,0.5841170125661139
IMG_1561,433.2252341099299,10824,meerkat_296,inactive,0.75,526.8000793457031,356.8094024658203,0.5123576446464256
IMG_1561,433.5454301440097,10832,meerkat_296,inactive,0.75,526.6576538085938,356.79429626464844,0.14322440760826735
IMG_1561,433.8656261780894,10840,meerkat_296,inactive,0.75,526.5653991699219,356.7660675048828,0.09647684299552708
IMG_1561,434.1858222121692,10848,meerkat_296,inactive,0.75,526.9335327148438,358.2324981689453,1.5119329348220214
IMG_1561,434.50601824624897,10856,meerkat_296,inactive,0.75,523.0661010742188,357.57948303222656,3.9221749404751423
IMG_1561,434.82621428032877,10864,meerkat_296,exploratory,0.7,521.8715209960938,353.70518493652344,4.054282587267689
IMG_1561,435.1464103144085,10872,meerkat_296,inactive,0.75,521.4159088134766,351.93540954589844,1.827481161109758
IMG_1561,435.4666063484883,10880,meerkat_296,exploratory,0.7,520.0403747558594,356.5430145263672,4.808546308366514
IMG_1561,435.78680238256806,10888,meerkat_296,inactive,0.75,517.9407043457031,354.21697998046875,3.1335367462339843
IMG_1561,436.10699841664785,10896,meerkat_296,inactive,0.75,517.6349792480469,351.58982849121094,2.6448804855506167
IMG_1561,436.4271944507276,10904,meerkat_0,exploratory,0.7,521.1481628417969,379.15020751953125,16.82510027725612
IMG_1561,436.7473904848074,10912,meerkat_0,exploratory,0.7,513.3464508056641,392.84690856933594,15.762814797569005
IMG_1561,437.06758651888714,10920,meerkat_0,exploratory,0.7,517.7082672119141,391.15179443359375,4.679621170033387
IMG_1561,437.38778255296694,10928,meerkat_304,inactive,0.75,516.9758453369141,391.3609313964844,0.0
IMG_1561,437.7079785870467,10936,meerkat_304,inactive,0.75,516.2770233154297,392.0043029785156,0.9498837877745371
IMG_1561,438.0281746211265,10944,meerkat_304,inactive,0.75,515.6574249267578,391.8799743652344,0.6319491809672851
IMG_1561,438.0281746211265,10944,meerkat_305,inactive,0.75,742.7103576660156,108.3701171875,0.0
IMG_1561,438.3483706552062,10952,meerkat_305,inactive,0.75,743.871337890625,107.59236145019531,1.3974187163639942
IMG_1561,438.668566689286,10960,meerkat_305,inactive,0.75,743.8402404785156,107.08097457885742,0.5123315149555575
IMG_1561,438.668566689286,10960,meerkat_296,exploratory,0.7,523.9705352783203,348.3232116699219,7.128117259828347
IMG_1561,438.98876272336577,10968,meerkat_305,inactive,0.75,744.6389770507812,106.71245574951172,0.879651203294219
IMG_1561,438.98876272336577,10968,meerkat_296,exploratory,0.7,520.1024169921875,349.45091247558594,4.029149808906393
IMG_1561,439.30895875744557,10976,meerkat_305,inactive,0.75,745.1333312988281,106.6934928894043,0.49471781110593227
IMG_1561,439.30895875744557,10976,meerkat_296,inactive,0.75,518.3032989501953,350.490234375,2.0777429435864914
IMG_1561,439.6291547915253,10984,meerkat_305,inactive,0.75,745.4707946777344,106.71238708496094,0.33799189743033164
IMG_1561,439.6291547915253,10984,meerkat_296,inactive,0.75,517.6252136230469,351.05201721191406,0.8805678092828602
IMG_1561,439.9493508256051,10992,meerkat_305,inactive,0.75,745.663330078125,106.71488189697266,0.1925515631994508
IMG_1561,439.9493508256051,10992,meerkat_296,exploratory,0.7,513.9385375976562,349.21270751953125,4.120029157746747
IMG_1561,440.26954685968485,11000,meerkat_305,inactive,0.75,745.6331787109375,106.88456344604492,0.1723395863951145
IMG_1561,440.26954685968485,11000,meerkat_296,inactive,0.75,511.12156677246094,347.574462890625,3.258706813160972
IMG_1561,440.58974289376465,11008,meerkat_305,inactive,0.75,745.5337829589844,106.74467468261719,0.1716053077258037
IMG_1561,440.58974289376465,11008,meerkat_296,inactive,0.75,510.2865447998047,348.18934631347656,1.036987617339951
IMG_1561,440.9099389278444,11016,meerkat_305,inactive,0.75,745.6527709960938,106.66255950927734,0.14457197054676466
IMG_1561,440.9099389278444,11016,meerkat_296,inactive,0.75,510.0589599609375,347.93919372558594,0.3381880780136706
IMG_1561,441.2301349619242,11024,meerkat_305,inactive,0.75,745.4808349609375,106.67532348632812,0.17240916244621138
IMG_1561,441.2301349619242,11024,meerkat_296,inactive,0.75,510.1563720703125,348.63990783691406,0.7074527439110339
IMG_1561,441.55033099600394,11032,meerkat_305,inactive,0.75,745.4289855957031,106.70785522460938,0.06121005367427284
IMG_1561,441.55033099600394,11032,meerkat_296,inactive,0.75,509.94606018066406,348.35923767089844,0.3507232997944891
IMG_1561,441.87052703008374,11040,meerkat_305,inactive,0.75,747.3288269042969,107.79378509521484,2.188296296599805
IMG_1561,441.87052703008374,11040,meerkat_296,inactive,0.75,509.5735321044922,348.4548645019531,0.3846058480495064
IMG_1561,442.1907230641635,11048,meerkat_296,inactive,0.75,509.9755401611328,348.4478759765625,0.4020687964653653
IMG_1561,442.5109190982433,11056,meerkat_296,inactive,0.75,510.26470947265625,348.1558837890625,0.41094808466273935
IMG_1561,442.831115132323,11064,meerkat_296,inactive,0.75,508.9720458984375,347.7555847167969,1.3532252079268676
IMG_1561,443.1513111664028,11072,meerkat_296,inactive,0.75,507.38853454589844,346.70831298828125,1.8984957932447983
IMG_1561,443.47150720048256,11080,meerkat_296,inactive,0.75,507.869873046875,345.57220458984375,1.2338675153850942
IMG_1561,443.79170323456236,11088,meerkat_296,inactive,0.75,507.1876525878906,345.6885528564453,0.6920705699551453
IMG_1561,444.1118992686421,11096,meerkat_296,inactive,0.75,507.01055908203125,345.866943359375,0.2513668262779942
IMG_1561,444.4320953027219,11104,meerkat_296,inactive,0.75,507.3563995361328,346.98756408691406,1.172772968090309
IMG_1561,444.75229133680165,11112,meerkat_296,inactive,0.75,507.19447326660156,347.48777770996094,0.5257697076154048
IMG_1561,445.07248737088145,11120,meerkat_296,inactive,0.75,507.1828155517578,347.89752197265625,0.40991006712095207
IMG_1561,445.3926834049612,11128,meerkat_296,inactive,0.75,507.1020050048828,348.0800476074219,0.1996145080720109
IMG_1561,445.712879439041,11136,meerkat_296,inactive,0.75,506.9888916015625,347.6794738769531,0.41623785934529606
IMG_1561,446.03307547312073,11144,meerkat_296,inactive,0.75,506.93727111816406,347.6791687011719,0.051621385476814
IMG_1561,446.35327150720053,11152,meerkat_296,inactive,0.75,506.411865234375,348.20721435546875,0.7449050649190008
IMG_1561,446.6734675412803,11160,meerkat_296,inactive,0.75,506.1836853027344,348.4773864746094,0.35363689734593073
IMG_1561,446.9936635753601,11168,meerkat_296,inactive,0.75,505.8017120361328,348.7113037109375,0.44790718887918757
IMG_1561,447.3138596094398,11176,meerkat_296,inactive,0.75,505.7715148925781,348.93910217285156,0.22979122422162904
IMG_1561,447.6340556435196,11184,meerkat_296,inactive,0.75,506.3440856933594,349.74530029296875,0.9888340259051409
IMG_1561,447.95425167759936,11192,focal_group,out_of_view,1.0,,,
IMG_1561,448.27444771167916,11200,focal_group,out_of_view,1.0,,,
IMG_1561,448.5946437457589,11208,meerkat_0,exploratory,0.7,505.1219940185547,391.6637268066406,12.596680025008581
IMG_1561,448.9148397798387,11216,meerkat_0,exploratory,0.7,509.8012390136719,392.0762481689453,4.697393702755493
IMG_1561,449.23503581391844,11224,focal_group,out_of_view,1.0,,,
IMG_1561,449.55523184799824,11232,focal_group,out_of_view,1.0,,,
IMG_1561,449.875427882078,11240,focal_group,out_of_view,1.0,,,
IMG_1561,450.1956239161578,11248,meerkat_0,social_contact,0.7,474.33314514160156,396.5765380859375,35.752458548398785
IMG_1561,450.1956239161578,11248,meerkat_1,social_contact,0.7,475.9891052246094,405.62416076660156,62.76203612393354
IMG_1561,450.5158199502375,11256,focal_group,out_of_view,1.0,,,
IMG_1561,450.8360159843173,11264,meerkat_0,exploratory,0.7,474.5534362792969,407.328369140625,10.75408755840725
IMG_1561,451.15621201839707,11272,focal_group,out_of_view,1.0,,,
IMG_1561,451.47640805247687,11280,meerkat_0,exploratory,0.7,478.04534912109375,410.27821350097656,4.571108951338159
IMG_1561,451.7966040865566,11288,meerkat_0,exploratory,0.7,475.09197998046875,406.8707275390625,4.509251585511442
IMG_1561,452.1168001206364,11296,focal_group,out_of_view,1.0,,,
IMG_1561,452.43699615471616,11304,focal_group,out_of_view,1.0,,,
IMG_1561,452.7571921887959,11312,focal_group,out_of_view,1.0,,,
IMG_1561,453.0773882228757,11320,focal_group,out_of_view,1.0,,,
IMG_1561,453.39758425695544,11328,focal_group,out_of_view,1.0,,,
IMG_1561,453.71778029103524,11336,focal_group,out_of_view,1.0,,,
IMG_1561,454.037976325115,11344,focal_group,out_of_view,1.0,,,
IMG_1561,454.3581723591948,11352,focal_group,out_of_view,1.0,,,
IMG_1561,454.6783683932745,11360,focal_group,out_of_view,1.0,,,
IMG_1561,454.9985644273543,11368,focal_group,out_of_view,1.0,,,
IMG_1561,455.31876046143407,11376,focal_group,out_of_view,1.0,,,
IMG_1561,455.63895649551387,11384,meerkat_0,active_movement,0.8,494.71197509765625,419.61363220214844,23.39499578223853
IMG_1561,455.9591525295936,11392,focal_group,out_of_view,1.0,,,
IMG_1561,456.2793485636734,11400,focal_group,out_of_view,1.0,,,
IMG_1561,456.59954459775315,11408,focal_group,out_of_view,1.0,,,
IMG_1561,456.91974063183295,11416,focal_group,out_of_view,1.0,,,
IMG_1561,457.2399366659127,11424,meerkat_0,inactive,0.75,494.1453399658203,421.6759948730469,2.1387882454665927
IMG_1561,457.5601326999925,11432,focal_group,out_of_view,1.0,,,
IMG_1561,457.88032873407224,11440,focal_group,out_of_view,1.0,,,
IMG_1561,458.20052476815204,11448,focal_group,out_of_view,1.0,,,
IMG_1561,458.5207208022318,11456,focal_group,out_of_view,1.0,,,
IMG_1561,458.8409168363116,11464,focal_group,out_of_view,1.0,,,
IMG_1561,459.1611128703913,11472,focal_group,out_of_view,1.0,,,
IMG_1561,459.4813089044711,11480,focal_group,out_of_view,1.0,,,
IMG_1561,459.80150493855086,11488,focal_group,out_of_view,1.0,,,
IMG_1561,460.12170097263066,11496,focal_group,out_of_view,1.0,,,
IMG_1561,460.4418970067104,11504,focal_group,out_of_view,1.0,,,
IMG_1561,460.7620930407902,11512,focal_group,out_of_view,1.0,,,
IMG_1561,461.08228907486995,11520,focal_group,out_of_view,1.0,,,
IMG_1561,461.40248510894975,11528,focal_group,out_of_view,1.0,,,
IMG_1561,461.7226811430295,11536,focal_group,out_of_view,1.0,,,
IMG_1561,462.0428771771093,11544,focal_group,out_of_view,1.0,,,
IMG_1561,462.36307321118903,11552,focal_group,out_of_view,1.0,,,
IMG_1561,462.68326924526883,11560,focal_group,out_of_view,1.0,,,
IMG_1561,463.0034652793486,11568,focal_group,out_of_view,1.0,,,
IMG_1561,463.3236613134284,11576,focal_group,out_of_view,1.0,,,
IMG_1561,463.6438573475081,11584,focal_group,out_of_view,1.0,,,
IMG_1561,463.9640533815879,11592,focal_group,out_of_view,1.0,,,
IMG_1561,464.28424941566766,11600,focal_group,out_of_view,1.0,,,
IMG_1561,464.60444544974746,11608,focal_group,out_of_view,1.0,,,
IMG_1561,464.9246414838272,11616,focal_group,out_of_view,1.0,,,
IMG_1561,465.244837517907,11624,focal_group,out_of_view,1.0,,,
IMG_1561,465.56503355198674,11632,focal_group,out_of_view,1.0,,,
IMG_1561,465.88522958606654,11640,focal_group,out_of_view,1.0,,,
IMG_1561,466.2054256201463,11648,focal_group,out_of_view,1.0,,,
IMG_1561,466.5256216542261,11656,focal_group,out_of_view,1.0,,,
IMG_1561,466.84581768830583,11664,focal_group,out_of_view,1.0,,,
IMG_1561,467.1660137223856,11672,focal_group,out_of_view,1.0,,,
IMG_1561,467.48620975646537,11680,focal_group,out_of_view,1.0,,,
IMG_1561,467.80640579054517,11688,focal_group,out_of_view,1.0,,,
IMG_1561,468.1266018246249,11696,focal_group,out_of_view,1.0,,,
IMG_1561,468.4467978587047,11704,focal_group,out_of_view,1.0,,,
IMG_1561,468.76699389278446,11712,focal_group,out_of_view,1.0,,,
IMG_1561,469.08718992686426,11720,meerkat_0,active_movement,0.8,630.4325561523438,168.10497283935547,287.8757866008932
IMG_1561,469.407385960944,11728,meerkat_311,inactive,0.75,630.6328430175781,168.07575607299805,0.0
IMG_1561,469.7275819950238,11736,meerkat_311,inactive,0.75,630.8389587402344,167.88270568847656,0.28240421754995293
IMG_1561,470.04777802910354,11744,meerkat_311,inactive,0.75,630.9907531738281,167.82190322875977,0.16351907894083823
IMG_1561,470.04777802910354,11744,meerkat_312,inactive,0.75,351.0575866699219,687.0789794921875,0.0
IMG_1561,470.04777802910354,11744,meerkat_313,inactive,0.75,898.3276062011719,391.190185546875,0.0
IMG_1561,470.36797406318334,11752,meerkat_311,inactive,0.75,631.1986389160156,167.83970642089844,0.20864667611820273
IMG_1561,470.36797406318334,11752,meerkat_312,exploratory,0.7,359.0204315185547,680.6014709472656,10.264746223503726
IMG_1561,470.36797406318334,11752,meerkat_313,inactive,0.75,898.7825927734375,391.0052185058594,0.49114721540908557
IMG_1561,470.6881700972631,11760,meerkat_311,inactive,0.75,631.3573303222656,167.70598983764648,0.20751647417537494
IMG_1561,470.6881700972631,11760,meerkat_312,inactive,0.75,361.1656951904297,677.2454223632812,3.983116659091237
IMG_1561,470.6881700972631,11760,meerkat_313,inactive,0.75,898.9897155761719,391.0427551269531,0.2104966824814077
IMG_1561,471.0083661313429,11768,meerkat_311,inactive,0.75,631.3392028808594,167.79254913330078,0.0884370725211153
IMG_1561,471.0083661313429,11768,meerkat_312,exploratory,0.7,362.54823303222656,667.222900390625,10.117428407277103
IMG_1561,471.0083661313429,11768,meerkat_313,inactive,0.75,898.8493957519531,391.00360107421875,0.14568010473056064
IMG_1561,471.3285621654226,11776,meerkat_311,inactive,0.75,631.0531616210938,168.32492446899414,0.6043534564664315
IMG_1561,471.3285621654226,11776,meerkat_312,exploratory,0.7,369.1951599121094,656.1046447753906,12.953657586650937
IMG_1561,471.3285621654226,11776,meerkat_313,inactive,0.75,898.6238098144531,391.38519287109375,0.4432846880279593
IMG_1561,471.6487581995024,11784,meerkat_311,inactive,0.75,630.9545288085938,168.78055953979492,0.466188534227616
IMG_1561,471.6487581995024,11784,meerkat_312,exploratory,0.7,374.4989013671875,646.2735595703125,11.17049281508297
IMG_1561,471.6487581995024,11784,meerkat_313,inactive,0.75,898.5068054199219,391.3724670410156,0.11769441401698602
IMG_1561,471.96895423358217,11792,meerkat_311,inactive,0.75,630.9128112792969,168.97771835327148,0.20152406799715408
IMG_1561,471.96895423358217,11792,meerkat_313,inactive,0.75,898.4720764160156,391.01939392089844,0.3547770170989184
IMG_1561,472.28915026766197,11800,meerkat_311,inactive,0.75,630.7549743652344,169.16371536254883,0.24394134315627866
IMG_1561,472.28915026766197,11800,meerkat_313,inactive,0.75,898.9061279296875,390.5597229003906,0.6322168643871655
IMG_1561,472.6093463017417,11808,meerkat_311,inactive,0.75,630.5018920898438,169.18763732910156,0.2542103432212118
IMG_1561,472.6093463017417,11808,meerkat_313,inactive,0.75,898.9175109863281,390.93983459472656,0.3802820981185163
IMG_1561,472.9295423358215,11816,meerkat_311,inactive,0.75,630.372314453125,169.1660270690918,0.13136729910942838
IMG_1561,472.9295423358215,11816,meerkat_313,inactive,0.75,899.0294799804688,390.8273010253906,0.1587477869966998
IMG_1561,473.24973836990125,11824,meerkat_311,inactive,0.75,630.2256164550781,169.1872673034668,0.14822769709897632
IMG_1561,473.24973836990125,11824,meerkat_313,inactive,0.75,898.8527526855469,390.3010711669922,0.5551129620540697
IMG_1561,473.56993440398105,11832,meerkat_311,inactive,0.75,630.5953674316406,169.08531951904297,0.3835480874907992
IMG_1561,473.56993440398105,11832,meerkat_313,inactive,0.75,898.7804260253906,390.50230407714844,0.21383598831653913
IMG_1561,473.8901304380608,11840,meerkat_311,inactive,0.75,630.7284545898438,169.13388442993164,0.14167124707649137
IMG_1561,473.8901304380608,11840,meerkat_313,inactive,0.75,898.81396484375,390.6309509277344,0.13294684841177573
IMG_1561,474.2103264721406,11848,meerkat_311,inactive,0.75,630.6979675292969,169.2822723388672,0.15148740006697908
IMG_1561,474.2103264721406,11848,meerkat_313,inactive,0.75,898.8847045898438,390.6418762207031,0.07157844440794475
IMG_1561,474.53052250622034,11856,meerkat_311,inactive,0.75,630.8261108398438,169.13199615478516,0.19749339113036007
IMG_1561,474.53052250622034,11856,meerkat_313,inactive,0.75,898.88232421875,390.5988311767578,0.043110810416853045
IMG_1561,474.85071854030014,11864,meerkat_311,inactive,0.75,630.8576049804688,169.48586654663086,0.35526910239808185
IMG_1561,474.85071854030014,11864,meerkat_313,inactive,0.75,899.3388977050781,390.42137145996094,0.4898482412987165
IMG_1561,475.1709145743799,11872,meerkat_311,inactive,0.75,630.7816467285156,169.7206153869629,0.24673198835377613
IMG_1561,475.1709145743799,11872,meerkat_313,inactive,0.75,899.6724853515625,390.35340881347656,0.34044036071556566
IMG_1561,475.4911106084597,11880,meerkat_311,inactive,0.75,630.9121398925781,169.93718719482422,0.25284741214290996
IMG_1561,475.4911106084597,11880,meerkat_313,inactive,0.75,899.383056640625,390.02423095703125,0.4383229858094071
IMG_1561,475.8113066425394,11888,meerkat_311,inactive,0.75,630.9658813476562,170.05728149414062,0.13157045535458445
IMG_1561,475.8113066425394,11888,meerkat_313,inactive,0.75,899.3171691894531,390.005126953125,0.06860116024657475
IMG_1561,476.1315026766192,11896,meerkat_311,inactive,0.75,630.8795166015625,169.79691314697266,0.2743183289078909
IMG_1561,476.1315026766192,11896,meerkat_313,inactive,0.75,899.695556640625,390.1309051513672,0.39874455276203974
IMG_1561,476.45169871069896,11904,meerkat_311,inactive,0.75,630.8821411132812,169.66115188598633,0.13578662690544954
IMG_1561,476.45169871069896,11904,meerkat_313,inactive,0.75,899.6718444824219,390.1715087890625,0.04702044066937517
IMG_1561,476.77189474477876,11912,meerkat_311,inactive,0.75,630.890869140625,169.58076095581055,0.0808633422252666
IMG_1561,476.77189474477876,11912,meerkat_313,inactive,0.75,899.3568725585938,390.2789764404297,0.3328011551818436
IMG_1561,477.0920907788585,11920,meerkat_311,inactive,0.75,630.8182067871094,169.53838348388672,0.08411698844516785
IMG_1561,477.0920907788585,11920,meerkat_313,inactive,0.75,899.06982421875,390.0991516113281,0.33872366106969726
IMG_1561,477.4122868129383,11928,meerkat_311,inactive,0.75,630.4718017578125,169.5163116455078,0.34710749109115085
IMG_1561,477.4122868129383,11928,meerkat_313,inactive,0.75,898.759765625,390.1012725830078,0.3100658479728033
IMG_1561,477.73248284701805,11936,meerkat_311,inactive,0.75,630.3487548828125,169.46207427978516,0.13447016504711665
IMG_1561,477.73248284701805,11936,meerkat_313,inactive,0.75,898.6356201171875,390.06336975097656,0.1298026647877949
IMG_1561,478.05267888109785,11944,meerkat_311,inactive,0.75,630.1864929199219,169.51385116577148,0.17032260720045295
IMG_1561,478.05267888109785,11944,meerkat_313,inactive,0.75,898.8798828125,390.2719421386719,0.32119574285823116
IMG_1561,478.3728749151776,11952,meerkat_311,inactive,0.75,630.232666015625,169.39543914794922,0.12709587220500315
IMG_1561,478.3728749151776,11952,meerkat_313,inactive,0.75,900.4017944335938,389.8246612548828,1.5862771420604065
IMG_1561,478.6930709492574,11960,meerkat_311,inactive,0.75,630.2727966308594,169.1299819946289,0.26847340003809195
IMG_1561,479.01326698333713,11968,meerkat_311,inactive,0.75,630.3123779296875,169.0651092529297,0.07599441974576084
IMG_1561,479.01326698333713,11968,meerkat_325,inactive,0.75,851.5500183105469,443.83319091796875,0.0
IMG_1561,479.01326698333713,11968,meerkat_313,inactive,0.75,900.8920593261719,389.3583679199219,0.6766011669540879
IMG_1561,479.3334630174169,11976,meerkat_311,inactive,0.75,630.3205261230469,169.10655212402344,0.04223629504957723
IMG_1561,479.3334630174169,11976,meerkat_325,social_contact,0.7,857.6573181152344,427.83453369140625,17.1247231789999
IMG_1561,479.3334630174169,11976,meerkat_313,social_contact,0.7,902.0836486816406,390.84413146972656,1.9045678034647802
IMG_1561,479.6536590514967,11984,meerkat_311,inactive,0.75,630.3635559082031,169.44821166992188,0.3443585452898179
IMG_1561,479.6536590514967,11984,meerkat_325,exploratory,0.7,860.6103210449219,416.7027587890625,11.51679811315598
IMG_1561,479.9738550855764,11992,meerkat_311,inactive,0.75,630.4028930664062,169.57818603515625,0.1357967143695914
IMG_1561,479.9738550855764,11992,meerkat_325,social_contact,0.7,860.7524108886719,415.31675720214844,1.3932659195663974
IMG_1561,479.9738550855764,11992,meerkat_313,social_contact,0.7,901.211669921875,392.58277893066406,1.9450557706417606
IMG_1561,480.2940511196562,12000,meerkat_311,inactive,0.75,630.491943359375,169.66405487060547,0.12370695849153035
IMG_1561,480.2940511196562,12000,meerkat_313,inactive,0.75,899.2606201171875,392.8737030029297,1.9726206315951242
IMG_1561,480.61424715373596,12008,meerkat_311,inactive,0.75,630.5378112792969,169.94970321655273,0.28930752430652107
IMG_1561,480.61424715373596,12008,meerkat_313,inactive,0.75,898.9416809082031,392.26332092285156,0.6886860697793135
IMG_1561,480.93444318781576,12016,meerkat_311,inactive,0.75,630.5645446777344,170.06620025634766,0.11952503868645155
IMG_1561,480.93444318781576,12016,meerkat_313,inactive,0.75,902.0799865722656,390.86692810058594,3.4349491051777936
IMG_1561,481.2546392218955,12024,meerkat_311,inactive,0.75,630.3218994140625,169.93848037719727,0.2742062937143933
IMG_1561,481.2546392218955,12024,meerkat_313,inactive,0.75,901.3784484863281,391.6871032714844,1.0792789245506151
IMG_1561,481.5748352559753,12032,meerkat_311,inactive,0.75,630.2606811523438,169.7390594482422,0.2086058064224764
IMG_1561,481.5748352559753,12032,meerkat_313,inactive,0.75,900.7876281738281,390.9872741699219,0.9158763088192496
IMG_1561,481.89503129005504,12040,meerkat_311,inactive,0.75,630.3678588867188,169.48588943481445,0.27492202975526947
IMG_1561,481.89503129005504,12040,meerkat_313,inactive,0.75,898.1390991210938,392.7280578613281,3.1693901627038623
IMG_1561,482.21522732413484,12048,meerkat_311,inactive,0.75,630.4800415039062,169.38080978393555,0.15370970245195972
IMG_1561,482.21522732413484,12048,meerkat_313,inactive,0.75,898.9050903320312,391.238525390625,1.6749476160502612
IMG_1561,482.5354233582146,12056,meerkat_311,inactive,0.75,630.5320739746094,169.419677734375,0.06494686735197738
IMG_1561,482.5354233582146,12056,meerkat_313,inactive,0.75,899.9544067382812,389.5770568847656,1.9650807913131711
IMG_1561,482.8556193922944,12064,meerkat_311,inactive,0.75,630.6194458007812,169.48391723632812,0.10844606779313803
IMG_1561,482.8556193922944,12064,meerkat_313,inactive,0.75,900.3656616210938,389.2415466308594,0.5307520222414225
IMG_1561,483.17581542637413,12072,meerkat_311,inactive,0.75,630.671142578125,169.4893913269043,0.051985790898719596
IMG_1561,483.17581542637413,12072,meerkat_313,inactive,0.75,900.7318420410156,389.17002868652344,0.3730990703502207
IMG_1561,483.49601146045393,12080,meerkat_311,inactive,0.75,630.8297119140625,169.4338607788086,0.16801153553095372
IMG_1561,483.49601146045393,12080,meerkat_313,inactive,0.75,900.4081420898438,389.85040283203125,0.7534524777742524
IMG_1561,483.81620749453367,12088,meerkat_311,inactive,0.75,630.8140563964844,169.38282775878906,0.05338037432383608
IMG_1561,483.81620749453367,12088,meerkat_313,inactive,0.75,900.2440490722656,390.0838928222656,0.28538411651236545
IMG_1561,484.13640352861347,12096,meerkat_311,inactive,0.75,630.5863952636719,169.2333106994629,0.2723691289831077
IMG_1561,484.13640352861347,12096,meerkat_313,inactive,0.75,899.9503784179688,390.8334655761719,0.805047679702112
IMG_1561,484.4565995626932,12104,meerkat_311,inactive,0.75,630.5487976074219,169.23422241210938,0.03760870877127961
IMG_1561,484.4565995626932,12104,meerkat_313,inactive,0.75,899.8147583007812,391.11073303222656,0.30865848177717276
IMG_1561,484.776795596773,12112,meerkat_311,inactive,0.75,630.5960998535156,169.18645477294922,0.0672253660194467
IMG_1561,484.776795596773,12112,meerkat_313,inactive,0.75,899.7656555175781,391.24049377441406,0.138740525915624
IMG_1561,485.09699163085276,12120,meerkat_311,inactive,0.75,630.6328125,169.15243530273438,0.05005140123498375
IMG_1561,485.09699163085276,12120,meerkat_313,inactive,0.75,899.7275390625,391.3709411621094,0.13590211589321885
IMG_1561,485.41718766493256,12128,meerkat_311,inactive,0.75,630.2749938964844,168.96685409545898,0.4030813038527879
IMG_1561,485.41718766493256,12128,meerkat_313,inactive,0.75,900.3153991699219,391.3782958984375,0.5879061132906467
IMG_1561,485.7373836990123,12136,meerkat_311,inactive,0.75,630.1191101074219,168.88679885864258,0.1752386847537178
IMG_1561,485.7373836990123,12136,meerkat_313,inactive,0.75,900.7862548828125,391.97119140625,0.7571196639541077
IMG_1561,486.0575797330921,12144,meerkat_311,inactive,0.75,630.0760803222656,168.84610748291016,0.05922288805512751
IMG_1561,486.0575797330921,12144,meerkat_313,social_contact,0.7,900.4358825683594,391.5444793701172,0.5521267250512786
IMG_1561,486.0575797330921,12144,meerkat_340,social_contact,0.7,915.2410888671875,360.3274688720703,0.0
IMG_1561,486.37777576717184,12152,meerkat_311,inactive,0.75,630.360595703125,169.03378295898438,0.34083879806330714
IMG_1561,486.37777576717184,12152,meerkat_313,inactive,0.75,900.7173156738281,391.8076171875,0.3852870407771003
IMG_1561,486.69797180125164,12160,meerkat_311,inactive,0.75,630.4596557617188,169.1554069519043,0.15686073716001206
IMG_1561,486.69797180125164,12160,meerkat_313,social_contact,0.7,901.0387268066406,391.4299774169922,0.4959001034129836
IMG_1561,486.69797180125164,12160,meerkat_340,social_contact,0.7,917.0685119628906,358.85328674316406,2.3479114378306
IMG_1561,487.0181678353314,12168,meerkat_311,inactive,0.75,630.3372192382812,169.08066940307617,0.14344477500521885
IMG_1561,487.0181678353314,12168,meerkat_313,social_contact,0.7,900.9748840332031,391.0950164794922,0.34099080540546967
IMG_1561,487.0181678353314,12168,meerkat_340,social_contact,0.7,916.2604370117188,358.15374755859375,1.0688031612325657
IMG_1561,487.3383638694112,12176,meerkat_311,inactive,0.75,630.2394409179688,168.98958587646484,0.13362937081005197
IMG_1561,487.3383638694112,12176,meerkat_313,inactive,0.75,900.9985656738281,391.1418151855469,0.05244939457309965
IMG_1561,487.6585599034909,12184,meerkat_311,inactive,0.75,629.7586975097656,169.09232711791992,0.49159941743912505
IMG_1561,487.6585599034909,12184,meerkat_313,social_contact,0.7,900.4415588378906,390.9312438964844,0.595480380078595
IMG_1561,487.6585599034909,12184,meerkat_340,social_contact,0.7,916.5497131347656,359.4846649169922,1.3619918099061044
IMG_1561,487.9787559375707,12192,meerkat_311,inactive,0.75,629.585205078125,169.3905029296875,0.34497599707781285
IMG_1561,487.9787559375707,12192,meerkat_313,social_contact,0.7,900.6275329589844,391.1696472167969,0.30236156642770795
IMG_1561,487.9787559375707,12192,meerkat_340,social_contact,0.7,917.4944152832031,360.14256286621094,1.1512132125929868
IMG_1561,488.29895197165047,12200,meerkat_311,inactive,0.75,629.8637390136719,169.39733123779297,0.27861762155831765
IMG_1561,488.29895197165047,12200,meerkat_313,social_contact,0.7,900.6931457519531,391.2165069580078,0.08062799729322367
IMG_1561,488.29895197165047,12200,meerkat_340,social_contact,0.7,917.4395141601562,360.0423583984375,0.11425877941570173
IMG_1561,488.61914800573027,12208,meerkat_311,inactive,0.75,629.8448181152344,169.56815338134766,0.17186682380931015
IMG_1561,488.61914800573027,12208,meerkat_313,social_contact,0.7,900.7668762207031,391.3150939941406,0.12310802457820207
IMG_1561,488.61914800573027,12208,meerkat_340,social_contact,0.7,917.3250122070312,360.0098114013672,0.11903782712959199
IMG_1561,488.93934403981,12216,meerkat_311,inactive,0.75,629.8970947265625,169.26469039916992,0.3079328265127896
IMG_1561,488.93934403981,12216,meerkat_313,social_contact,0.7,900.6450805664062,391.57366943359375,0.28582414050247856
IMG_1561,488.93934403981,12216,meerkat_340,social_contact,0.7,916.9871520996094,359.96990966796875,0.3402081723229483
IMG_1561,489.2595400738898,12224,meerkat_311,inactive,0.75,630.2996215820312,169.18095016479492,0.41114510361518336
IMG_1561,489.2595400738898,12224,meerkat_313,social_contact,0.7,900.4085083007812,391.4051055908203,0.2904827119700822
IMG_1561,489.2595400738898,12224,meerkat_340,social_contact,0.7,917.2133483886719,359.9329833984375,0.22919055514383785
IMG_1561,489.57973610796955,12232,meerkat_311,inactive,0.75,630.4742736816406,169.12177658081055,0.18440409143920566
IMG_1561,489.57973610796955,12232,meerkat_313,social_contact,0.7,900.5478210449219,391.5677185058594,0.21412846802210259
IMG_1561,489.57973610796955,12232,meerkat_340,social_contact,0.7,917.3367309570312,359.9672393798828,0.12804971862420253
IMG_1561,489.89993214204935,12240,meerkat_311,inactive,0.75,630.2632751464844,169.18271255493164,0.21962143515642973
IMG_1561,489.89993214204935,12240,meerkat_313,social_contact,0.7,900.1325988769531,391.5840148925781,0.4155418402432611
IMG_1561,489.89993214204935,12240,meerkat_340,social_contact,0.7,914.7355651855469,359.7234649658203,2.612563747680316
IMG_1561,490.2201281761291,12248,meerkat_311,inactive,0.75,630.2374877929688,169.22645568847656,0.05077843374572207
IMG_1561,490.2201281761291,12248,meerkat_313,social_contact,0.7,900.7013244628906,391.6001434326172,0.5689542353333389
IMG_1561,490.2201281761291,12248,meerkat_340,social_contact,0.7,912.6909484863281,359.79730224609375,2.045949508341385
IMG_1561,490.5403242102089,12256,meerkat_311,inactive,0.75,630.1228637695312,169.34856033325195,0.1674760013396692
IMG_1561,490.5403242102089,12256,meerkat_313,social_contact,0.7,900.7790222167969,391.6796112060547,0.1111398577342531
IMG_1561,490.5403242102089,12256,meerkat_340,social_contact,0.7,911.8421325683594,359.40252685546875,0.9361282346133211
IMG_1561,490.86052024428864,12264,meerkat_311,inactive,0.75,630.2862243652344,169.3165054321289,0.16647582681725348
IMG_1561,490.86052024428864,12264,meerkat_313,inactive,0.75,900.9336242675781,391.7054443359375,0.1567454774636591
IMG_1561,491.18071627836844,12272,meerkat_311,inactive,0.75,630.921630859375,169.32308197021484,0.6354405272323098
IMG_1561,491.18071627836844,12272,meerkat_313,inactive,0.75,900.5021362304688,391.7416534423828,0.43300464842547515
IMG_1561,491.5009123124482,12280,meerkat_311,inactive,0.75,630.9180908203125,169.56790161132812,0.24484523387519688
IMG_1561,491.5009123124482,12280,meerkat_313,inactive,0.75,900.3774108886719,392.0788879394531,0.3595601714603745
IMG_1561,491.821108346528,12288,meerkat_311,inactive,0.75,630.9440307617188,169.6910057067871,0.12580738801411634
IMG_1561,491.821108346528,12288,meerkat_313,inactive,0.75,900.1254272460938,392.45179748535156,0.45006364610921323
IMG_1561,492.1413043806077,12296,meerkat_311,inactive,0.75,630.6488037109375,169.7021713256836,0.29543811967709294
IMG_1561,492.1413043806077,12296,meerkat_313,inactive,0.75,899.9502868652344,391.9564971923828,0.5253537220030867
IMG_1561,492.4615004146875,12304,meerkat_311,inactive,0.75,630.6285705566406,169.66081619262695,0.04603941314714602
IMG_1561,492.4615004146875,12304,meerkat_313,inactive,0.75,899.2135314941406,391.9037170410156,0.7386435007592177
IMG_1561,492.78169644876726,12312,meerkat_311,inactive,0.75,630.7449645996094,169.57444381713867,0.14494054120949
IMG_1561,492.78169644876726,12312,meerkat_313,inactive,0.75,899.03271484375,391.86082458496094,0.1858343989816977
IMG_1561,493.10189248284706,12320,meerkat_311,inactive,0.75,630.9367980957031,169.41529846191406,0.2492535542637615
IMG_1561,493.10189248284706,12320,meerkat_313,inactive,0.75,899.2828979492188,391.5240936279297,0.419498895928427
IMG_1561,493.4220885169268,12328,meerkat_311,inactive,0.75,630.8516845703125,169.18296813964844,0.24743017368233353
IMG_1561,493.4220885169268,12328,meerkat_313,inactive,0.75,899.3612976074219,391.35333251953125,0.18789854322966357
IMG_1561,493.7422845510066,12336,meerkat_311,inactive,0.75,630.7146911621094,169.03184127807617,0.20397676872573203
IMG_1561,493.7422845510066,12336,meerkat_313,inactive,0.75,899.3852844238281,391.01458740234375,0.3395933182200148
IMG_1561,494.06248058508635,12344,meerkat_311,inactive,0.75,630.66552734375,169.02788543701172,0.049322709923531494
IMG_1561,494.06248058508635,12344,meerkat_313,inactive,0.75,899.5035095214844,390.9256896972656,0.14791881450304806
IMG_1561,494.38267661916615,12352,meerkat_311,inactive,0.75,630.6830444335938,169.06552505493164,0.04151613269262581
IMG_1561,494.38267661916615,12352,meerkat_313,inactive,0.75,899.3284301757812,391.45513916015625,0.5576464032404456
IMG_1561,494.7028726532459,12360,meerkat_311,inactive,0.75,630.8456115722656,169.28156661987305,0.2703738751401335
IMG_1561,494.7028726532459,12360,meerkat_313,inactive,0.75,899.5544738769531,391.37049865722656,0.2413706062793694
IMG_1561,495.0230686873257,12368,meerkat_311,inactive,0.75,630.86669921875,169.23992156982422,0.04667974965463475
IMG_1561,495.0230686873257,12368,meerkat_313,inactive,0.75,899.66455078125,391.22998046875,0.1785001012669688
IMG_1561,495.34326472140543,12376,meerkat_311,inactive,0.75,630.7225646972656,169.49895477294922,0.29643373729170447
IMG_1561,495.34326472140543,12376,meerkat_313,inactive,0.75,899.67724609375,391.2360534667969,0.014073104303955251
IMG_1561,495.66346075548523,12384,meerkat_311,inactive,0.75,631.3072204589844,169.55490493774414,0.587326809069287
IMG_1561,495.66346075548523,12384,meerkat_313,inactive,0.75,900.0740966796875,391.9569854736328,0.8229418849708826
IMG_1561,495.983656789565,12392,meerkat_311,inactive,0.75,631.5232849121094,169.53919982910156,0.21663448096201238
IMG_1561,495.983656789565,12392,meerkat_313,inactive,0.75,900.1780395507812,391.9705352783203,0.10482231469625791
IMG_1561,496.3038528236448,12400,meerkat_311,inactive,0.75,631.7650146484375,169.53776168823242,0.2417340143099939
IMG_1561,496.3038528236448,12400,meerkat_313,inactive,0.75,900.2721557617188,392.08595275878906,0.14892634407312322
IMG_1561,496.6240488577245,12408,meerkat_311,inactive,0.75,631.733642578125,169.65605926513672,0.12238677827739596
IMG_1561,496.6240488577245,12408,meerkat_313,inactive,0.75,900.6498413085938,391.8936309814453,0.4238325593426333
IMG_1561,496.9442448918043,12416,meerkat_311,inactive,0.75,631.443359375,169.2776222229004,0.4769475159313553
IMG_1561,496.9442448918043,12416,meerkat_313,inactive,0.75,900.7174072265625,391.7855682373047,0.1274468906727898
IMG_1561,497.26444092588406,12424,meerkat_311,inactive,0.75,631.3273010253906,169.3119010925293,0.12101479833924224
IMG_1561,497.26444092588406,12424,meerkat_313,inactive,0.75,900.7781066894531,391.6409606933594,0.1568303751226332
IMG_1561,497.58463695996386,12432,meerkat_311,inactive,0.75,631.2819519042969,169.31674575805664,0.045607165753283045
IMG_1561,497.58463695996386,12432,meerkat_313,inactive,0.75,900.6736145019531,391.56837463378906,0.1272295299546458
IMG_1561,497.9048329940436,12440,meerkat_311,inactive,0.75,631.2690734863281,169.30162811279297,0.01985942717441879
IMG_1561,497.9048329940436,12440,meerkat_313,inactive,0.75,900.7272033691406,391.43800354003906,0.1409552722391426
IMG_1561,498.2250290281234,12448,meerkat_311,inactive,0.75,631.298583984375,169.18544387817383,0.11987345773360393
IMG_1561,498.2250290281234,12448,meerkat_313,inactive,0.75,900.3515930175781,391.8611755371094,0.5658247743828309
IMG_1561,498.54522506220314,12456,meerkat_311,inactive,0.75,631.3588562011719,169.0813102722168,0.12031852728164417
IMG_1561,498.54522506220314,12456,meerkat_313,social_contact,0.7,900.0393371582031,391.92845153808594,0.3194210106136073
IMG_1561,498.54522506220314,12456,meerkat_357,social_contact,0.7,915.0351867675781,359.4127655029297,0.0
IMG_1561,498.86542109628294,12464,meerkat_311,inactive,0.75,631.4047241210938,169.11312103271484,0.0558192669373545
IMG_1561,498.86542109628294,12464,meerkat_313,social_contact,0.7,899.65478515625,391.79563903808594,0.4068407579906495
IMG_1561,498.86542109628294,12464,meerkat_357,social_contact,0.7,912.359619140625,360.74217224121094,2.9876385996614734
IMG_1561,499.1856171303627,12472,meerkat_311,inactive,0.75,630.9308166503906,169.13247680664062,0.4743025793441347
IMG_1561,499.1856171303627,12472,meerkat_313,social_contact,0.7,900.0132751464844,391.3452911376953,0.5756112442304151
IMG_1561,499.1856171303627,12472,meerkat_357,social_contact,0.7,910.0542907714844,364.3097839355469,4.247633704914668
IMG_1561,499.5058131644425,12480,meerkat_311,inactive,0.75,630.79833984375,169.05693817138672,0.15249980233993823
IMG_1561,499.5058131644425,12480,meerkat_313,social_contact,0.7,900.1672973632812,391.3374938964844,0.15421945479583665
IMG_1561,499.5058131644425,12480,meerkat_357,social_contact,0.7,909.929443359375,364.4998321533203,0.22738777757229617
IMG_1561,499.82600919852223,12488,meerkat_311,inactive,0.75,630.8558959960938,168.98855590820312,0.08938033671186991
IMG_1561,499.82600919852223,12488,meerkat_313,social_contact,0.7,900.3727111816406,391.25926208496094,0.21980685409517364
IMG_1561,499.82600919852223,12488,meerkat_357,social_contact,0.7,909.99072265625,363.95703125,0.5462490026268622
IMG_1561,500.14620523260203,12496,meerkat_311,inactive,0.75,630.8818359375,169.12718200683594,0.14103217995306583
IMG_1561,500.14620523260203,12496,meerkat_313,social_contact,0.7,900.5326538085938,391.3218078613281,0.17173706081693824
IMG_1561,500.14620523260203,12496,meerkat_357,social_contact,0.7,910.7060546875,362.63743591308594,1.5010102491780624
IMG_1561,500.46640126668177,12504,meerkat_311,inactive,0.75,630.5457763671875,169.33930206298828,0.3974052755320387
IMG_1561,500.46640126668177,12504,meerkat_313,social_contact,0.7,900.216064453125,391.8494110107422,0.6152998482591687
IMG_1561,500.46640126668177,12504,meerkat_357,social_contact,0.7,909.3733825683594,362.3505096435547,1.3632100576513817
IMG_1561,500.78659730076157,12512,meerkat_311,inactive,0.75,630.3905639648438,169.2942237854004,0.16162592908196707
IMG_1561,500.78659730076157,12512,meerkat_313,social_contact,0.7,900.2237548828125,392.1553192138672,0.30600485526858007
IMG_1561,500.78659730076157,12512,meerkat_357,social_contact,0.7,909.3542785644531,362.3883819580078,0.04241786377561223
IMG_1561,501.1067933348413,12520,meerkat_311,inactive,0.75,630.3243103027344,169.36538696289062,0.09723037371834911
IMG_1561,501.1067933348413,12520,meerkat_313,social_contact,0.7,899.6357116699219,392.47589111328125,0.6697470887735674
IMG_1561,501.1067933348413,12520,meerkat_357,social_contact,0.7,909.7502746582031,362.02867126464844,0.5349810175906629
IMG_1561,501.4269893689211,12528,meerkat_311,inactive,0.75,630.3058776855469,169.62097549438477,0.25625233424831906
IMG_1561,501.4269893689211,12528,meerkat_313,inactive,0.75,900.3304443359375,392.5250549316406,0.6964700698988088
IMG_1561,501.74718540300086,12536,meerkat_311,inactive,0.75,630.2590026855469,169.61699676513672,0.04704355334612027
IMG_1561,501.74718540300086,12536,meerkat_313,social_contact,0.7,900.5919799804688,392.65916442871094,0.2939153799392412
IMG_1561,501.74718540300086,12536,meerkat_357,social_contact,0.7,907.9767761230469,365.13116455078125,3.5736202434926603
IMG_1561,502.06738143708066,12544,meerkat_311,inactive,0.75,630.24853515625,169.7394142150879,0.12286415759744014
IMG_1561,502.06738143708066,12544,meerkat_313,social_contact,0.7,900.6246337890625,392.5893859863281,0.07704091274802463
IMG_1561,502.06738143708066,12544,meerkat_357,social_contact,0.7,907.6534118652344,366.86756896972656,1.766257271567038
IMG_1561,502.3875774711604,12552,meerkat_311,inactive,0.75,630.369140625,169.83026504516602,0.15099520660700316
IMG_1561,502.3875774711604,12552,meerkat_313,social_contact,0.7,900.6403198242188,392.49366760253906,0.09699515809623371
IMG_1561,502.3875774711604,12552,meerkat_357,social_contact,0.7,906.9873352050781,368.48960876464844,1.7534740413006127
IMG_1561,502.7077735052402,12560,meerkat_311,inactive,0.75,630.0642395019531,169.99529647827148,0.3466988156139135
IMG_1561,502.7077735052402,12560,meerkat_313,social_contact,0.7,900.1508178710938,392.2859649658203,0.5317448141854425
IMG_1561,502.7077735052402,12560,meerkat_357,social_contact,0.7,909.7561645507812,365.7415771484375,3.9010375170359093
IMG_1561,503.02796953931994,12568,meerkat_311,inactive,0.75,630.0708618164062,170.22738647460938,0.23218445565721696
IMG_1561,503.02796953931994,12568,meerkat_313,social_contact,0.7,900.1497802734375,392.1611785888672,0.12479069068637957
IMG_1561,503.02796953931994,12568,meerkat_357,social_contact,0.7,911.4420776367188,364.3907012939453,2.1603630499490825
IMG_1561,503.34816557339974,12576,meerkat_311,inactive,0.75,630.2324829101562,170.1339874267578,0.18666751212925284
IMG_1561,503.34816557339974,12576,meerkat_313,social_contact,0.7,900.1940002441406,391.6716766357422,0.49149523692725133
IMG_1561,503.34816557339974,12576,meerkat_357,social_contact,0.7,911.3611450195312,365.0719451904297,0.6860344998773985
IMG_1561,503.6683616074795,12584,meerkat_311,inactive,0.75,630.3805541992188,170.0166778564453,0.18890908377188698
IMG_1561,503.6683616074795,12584,meerkat_313,social_contact,0.7,900.6832275390625,391.70953369140625,0.49068982337126904
IMG_1561,503.6683616074795,12584,meerkat_357,social_contact,0.7,910.0018005371094,368.0298156738281,3.2552749835383343
IMG_1561,503.9885576415593,12592,meerkat_311,inactive,0.75,630.4673461914062,170.5565948486328,0.5468484327130069
IMG_1561,503.9885576415593,12592,meerkat_313,social_contact,0.7,899.9238891601562,391.1713562011719,0.9307146634038503
IMG_1561,503.9885576415593,12592,meerkat_357,social_contact,0.7,910.47705078125,364.46551513671875,3.59584497905484
IMG_1561,504.308753675639,12600,meerkat_311,inactive,0.75,630.64208984375,170.69134902954102,0.22066724565887458
IMG_1561,504.308753675639,12600,meerkat_313,social_contact,0.7,900.2423706054688,391.7333679199219,0.6459780205399159
IMG_1561,504.308753675639,12600,meerkat_357,social_contact,0.7,910.6851196289062,363.543701171875,0.9450045667328567
IMG_1561,504.6289497097188,12608,meerkat_311,inactive,0.75,630.7038269042969,170.7068977355957,0.06366495821834477
IMG_1561,504.6289497097188,12608,meerkat_313,social_contact,0.7,900.0909118652344,391.42779541015625,0.3410488362651995
IMG_1561,504.6289497097188,12608,meerkat_357,social_contact,0.7,911.0369873046875,362.9468536376953,0.6928476313851929
IMG_1561,504.94914574379857,12616,meerkat_311,inactive,0.75,630.6710815429688,170.44317626953125,0.2657466281097353
IMG_1561,504.94914574379857,12616,meerkat_313,social_contact,0.7,899.6207885742188,390.9993591308594,0.6360609673396976
IMG_1561,504.94914574379857,12616,meerkat_357,social_contact,0.7,911.0012512207031,361.9735565185547,0.9739529505196739
IMG_1561,505.26934177787837,12624,meerkat_311,inactive,0.75,630.7437133789062,169.9511947631836,0.4973139714302835
IMG_1561,505.26934177787837,12624,meerkat_313,social_contact,0.7,899.9280395507812,391.3647766113281,0.47742339451553817
IMG_1561,505.26934177787837,12624,meerkat_357,social_contact,0.7,909.2969360351562,364.47528076171875,3.02709670154762
IMG_1561,505.5895378119581,12632,meerkat_311,inactive,0.75,630.8443908691406,169.72518157958984,0.24742254585642517
IMG_1561,505.5895378119581,12632,meerkat_313,social_contact,0.7,900.0306701660156,391.52247619628906,0.1881547296249506
IMG_1561,505.5895378119581,12632,meerkat_357,social_contact,0.7,909.3318786621094,364.77586364746094,0.30260710232822724
IMG_1561,505.90973384603785,12640,meerkat_311,inactive,0.75,630.930419921875,169.6253204345703,0.13180761055032342
IMG_1561,505.90973384603785,12640,meerkat_313,social_contact,0.7,900.0864868164062,391.6097717285156,0.10361471134712517
IMG_1561,505.90973384603785,12640,meerkat_357,social_contact,0.7,909.0736389160156,365.5016784667969,0.7703862138111144
IMG_1561,506.22992988011765,12648,meerkat_311,inactive,0.75,631.2646789550781,169.34561157226562,0.4358510627836881
IMG_1561,506.22992988011765,12648,meerkat_313,social_contact,0.7,900.247802734375,391.7153778076172,0.19280941194170464
IMG_1561,506.22992988011765,12648,meerkat_357,social_contact,0.7,909.6763916015625,364.51612854003906,1.1552573124920265
IMG_1561,506.5501259141974,12656,meerkat_311,inactive,0.75,631.2344055175781,169.03844451904297,0.30865527632547696
IMG_1561,506.5501259141974,12656,meerkat_313,social_contact,0.7,900.3701171875,391.7400665283203,0.12478124207277605
IMG_1561,506.5501259141974,12656,meerkat_357,social_contact,0.7,910.4202270507812,363.5422058105469,1.2254862947156824
IMG_1561,506.8703219482772,12664,meerkat_311,inactive,0.75,630.9429321289062,168.96583938598633,0.3003801618783078
IMG_1561,506.8703219482772,12664,meerkat_313,social_contact,0.7,900.4031982421875,391.7503204345703,0.03463378080171373
IMG_1561,506.8703219482772,12664,meerkat_357,social_contact,0.7,910.1679382324219,363.7123718261719,0.3043125379323985
IMG_1561,507.19051798235694,12672,meerkat_311,inactive,0.75,630.8406677246094,169.32544708251953,0.3738658901158422
IMG_1561,507.19051798235694,12672,meerkat_313,social_contact,0.7,900.5078735351562,391.7357177734375,0.10568895245130115
IMG_1561,507.19051798235694,12672,meerkat_357,social_contact,0.7,910.3578796386719,363.872314453125,0.24831307199761765
IMG_1561,507.51071401643674,12680,meerkat_311,inactive,0.75,630.8284301757812,169.50133895874023,0.17631707155508197
IMG_1561,507.51071401643674,12680,meerkat_313,social_contact,0.7,899.658203125,391.7335968017578,0.8496730573673359
IMG_1561,507.51071401643674,12680,meerkat_357,social_contact,0.7,909.6351318359375,365.5497131347656,1.8264804196944115
IMG_1561,507.8309100505165,12688,meerkat_311,inactive,0.75,631.0332641601562,169.44795608520508,0.2116759134663371
IMG_1561,507.8309100505165,12688,meerkat_313,inactive,0.75,899.1927795410156,391.8203887939453,0.4734468950544883
IMG_1561,508.1511060845963,12696,meerkat_311,inactive,0.75,630.872802734375,169.7893180847168,0.3771947558946045
IMG_1561,508.1511060845963,12696,meerkat_313,social_contact,0.7,899.397216796875,391.74632263183594,0.21744053889034531
IMG_1561,508.1511060845963,12696,meerkat_357,social_contact,0.7,910.9295654296875,364.7038116455078,1.546320684126396
IMG_1561,508.471302118676,12704,meerkat_311,inactive,0.75,630.8269958496094,169.46990585327148,0.3226800958980971
IMG_1561,508.471302118676,12704,meerkat_313,social_contact,0.7,900.6632080078125,391.89100646972656,1.2742319879510788
IMG_1561,508.471302118676,12704,meerkat_357,social_contact,0.7,909.5702819824219,369.658935546875,5.138181036895324
IMG_1561,508.7914981527558,12712,meerkat_311,inactive,0.75,630.7646789550781,169.4527702331543,0.06462990655122051
IMG_1561,508.7914981527558,12712,meerkat_313,social_contact,0.7,901.0941467285156,391.8262939453125,0.43577045771516754
IMG_1561,508.7914981527558,12712,meerkat_357,social_contact,0.7,909.7177124023438,370.9327392578125,1.2823071483527206
IMG_1561,509.11169418683556,12720,meerkat_311,inactive,0.75,630.5936889648438,169.51335525512695,0.18140595813748484
IMG_1561,509.11169418683556,12720,meerkat_313,social_contact,0.7,901.0370178222656,391.74395751953125,0.10021476408071107
IMG_1561,509.11169418683556,12720,meerkat_357,social_contact,0.7,909.6915588378906,369.8626251220703,1.070433684283549
IMG_1561,509.43189022091536,12728,meerkat_311,inactive,0.75,630.5238952636719,169.58718872070312,0.10159990827878115
IMG_1561,509.43189022091536,12728,meerkat_313,social_contact,0.7,900.892333984375,390.99635314941406,0.7614760056397557
IMG_1561,509.43189022091536,12728,meerkat_357,social_contact,0.7,908.0092468261719,375.52757263183594,5.909467318902182
IMG_1561,509.7520862549951,12736,meerkat_311,inactive,0.75,630.5496826171875,169.66398239135742,0.0810077493447413
IMG_1561,509.7520862549951,12736,meerkat_313,social_contact,0.7,900.6457824707031,390.92079162597656,0.2578704960209458
IMG_1561,509.7520862549951,12736,meerkat_357,social_contact,0.7,908.2143859863281,374.74705505371094,0.8070252566008868
IMG_1561,510.0722822890749,12744,meerkat_311,inactive,0.75,630.5587768554688,169.78813934326172,0.1244895733629208
IMG_1561,510.0722822890749,12744,meerkat_313,social_contact,0.7,900.6695861816406,390.95204162597656,0.039283319034878625
IMG_1561,510.0722822890749,12744,meerkat_357,social_contact,0.7,908.2819519042969,375.1835021972656,0.44164608272688877
IMG_1561,510.39247832315465,12752,meerkat_311,inactive,0.75,630.6472778320312,169.6897735595703,0.13231874490691295
IMG_1561,510.39247832315465,12752,meerkat_313,social_contact,0.7,900.7098693847656,391.7762451171875,0.8251873310820447
IMG_1561,510.39247832315465,12752,meerkat_357,social_contact,0.7,909.5970153808594,370.3264617919922,5.0319214467087425
IMG_1561,510.71267435723445,12760,meerkat_311,inactive,0.75,630.6264038085938,169.5008316040039,0.1900915238187309
IMG_1561,510.71267435723445,12760,meerkat_313,social_contact,0.7,900.6737670898438,392.2676544189453,0.4927336781190493
IMG_1561,510.71267435723445,12760,meerkat_357,social_contact,0.7,911.263427734375,363.72923278808594,6.804436836500971
IMG_1561,511.0328703913142,12768,meerkat_311,inactive,0.75,630.5673522949219,169.44671249389648,0.0800996838056112
IMG_1561,511.0328703913142,12768,meerkat_313,social_contact,0.7,900.684326171875,392.1777801513672,0.09049242059999875
IMG_1561,511.0328703913142,12768,meerkat_357,social_contact,0.7,912.3170471191406,361.26283264160156,2.682022276293029
IMG_1561,511.353066425394,12776,meerkat_311,inactive,0.75,630.5501403808594,169.2956314086914,0.1520583581801374
IMG_1561,511.353066425394,12776,meerkat_313,social_contact,0.7,900.7510986328125,392.1607360839844,0.06891343680734416
IMG_1561,511.353066425394,12776,meerkat_357,social_contact,0.7,912.3479309082031,360.67530822753906,0.5883355722258692
IMG_1561,511.67326245947373,12784,meerkat_311,inactive,0.75,630.5975952148438,169.43913650512695,0.15114785467038624
IMG_1561,511.67326245947373,12784,meerkat_313,social_contact,0.7,900.6421203613281,392.0845031738281,0.1329951888100206
IMG_1561,511.67326245947373,12784,meerkat_357,social_contact,0.7,911.0782165527344,361.3888244628906,1.4564614524915136
IMG_1561,511.99345849355353,12792,meerkat_311,inactive,0.75,630.8809814453125,168.93352508544922,0.5796125113623942
IMG_1561,511.99345849355353,12792,meerkat_313,social_contact,0.7,900.43212890625,392.1624755859375,0.22400024164268753
IMG_1561,511.99345849355353,12792,meerkat_357,social_contact,0.7,910.9263610839844,361.83872985839844,0.47484202456851204
IMG_1561,512.3136545276333,12800,meerkat_311,inactive,0.75,630.944091796875,169.02670288085938,0.11253896228346555
IMG_1561,512.3136545276333,12800,meerkat_313,social_contact,0.7,900.7633666992188,392.19525146484375,0.33285542466495216
IMG_1561,512.3136545276333,12800,meerkat_357,social_contact,0.7,912.6559448242188,361.1162567138672,1.8744138708012172
IMG_1561,512.6338505617131,12808,meerkat_311,inactive,0.75,630.9618835449219,169.02477645874023,0.017895736943322412
IMG_1561,512.6338505617131,12808,meerkat_313,social_contact,0.7,900.3501892089844,391.9065246582031,0.5040623049874587
IMG_1561,512.6338505617131,12808,meerkat_357,social_contact,0.7,914.5084533691406,360.51031494140625,1.9490903880070993
IMG_1561,512.9540465957929,12816,meerkat_311,inactive,0.75,630.8787536621094,169.06529998779297,0.0924809916864422
IMG_1561,512.9540465957929,12816,meerkat_313,social_contact,0.7,900.1951293945312,391.84556579589844,0.16661191119400617
IMG_1561,512.9540465957929,12816,meerkat_357,social_contact,0.7,915.2152099609375,360.29042053222656,0.7401745951036272
IMG_1561,513.2742426298726,12824,meerkat_311,inactive,0.75,630.78955078125,169.4179916381836,0.3637974081942788
IMG_1561,513.2742426298726,12824,meerkat_313,inactive,0.75,899.9878845214844,392.1534118652344,0.3711059684373214
IMG_1561,513.5944386639524,12832,meerkat_311,inactive,0.75,630.7090454101562,169.79864501953125,0.38907340118073686
IMG_1561,513.5944386639524,12832,meerkat_313,inactive,0.75,899.9463195800781,392.17706298828125,0.04782279765429264
IMG_1561,513.9146346980322,12840,meerkat_311,inactive,0.75,630.4678344726562,170.06417083740234,0.3587292521188398
IMG_1561,513.9146346980322,12840,meerkat_313,social_contact,0.7,899.9196472167969,392.0906677246094,0.0904187842648848
IMG_1561,513.9146346980322,12840,meerkat_357,social_contact,0.7,913.5927124023438,361.0657196044922,1.7982177229408618
IMG_1561,514.234830732112,12848,meerkat_311,inactive,0.75,630.6474304199219,170.00957107543945,0.18771211543382454
IMG_1561,514.234830732112,12848,meerkat_313,social_contact,0.7,900.5894470214844,391.81849670410156,0.7229860598681535
IMG_1561,514.234830732112,12848,meerkat_357,social_contact,0.7,909.6130981445312,366.2849426269531,6.5633542186271505
IMG_1561,514.5550267661916,12856,meerkat_311,inactive,0.75,630.8035888671875,169.94936752319336,0.16736166931367266
IMG_1561,514.5550267661916,12856,meerkat_313,social_contact,0.7,900.8967590332031,391.96446228027344,0.34021555222213545
IMG_1561,514.5550267661916,12856,meerkat_357,social_contact,0.7,909.1570129394531,365.8535614013672,0.6277766131986607
IMG_1561,514.8752228002714,12864,meerkat_311,inactive,0.75,630.7841186523438,169.7857894897461,0.16473269952421873
IMG_1561,514.8752228002714,12864,meerkat_313,social_contact,0.7,901.1326904296875,392.0300750732422,0.24488499841400535
IMG_1561,514.8752228002714,12864,meerkat_357,social_contact,0.7,909.3667297363281,365.0122985839844,0.8670088020328152
IMG_1561,515.1954188343512,12872,meerkat_311,inactive,0.75,630.6419067382812,169.6802101135254,0.1771192626014253
IMG_1561,515.1954188343512,12872,meerkat_313,social_contact,0.7,900.9753723144531,391.69940185546875,0.3661881570088461
IMG_1561,515.1954188343512,12872,meerkat_357,social_contact,0.7,909.9111633300781,364.1175231933594,1.0473924468276739
IMG_1561,515.515614868431,12880,meerkat_311,inactive,0.75,630.6737976074219,169.5845718383789,0.10081521317509139
IMG_1561,515.515614868431,12880,meerkat_313,social_contact,0.7,900.9457092285156,392.0809326171875,0.38268214069254014
IMG_1561,515.515614868431,12880,meerkat_357,social_contact,0.7,910.6480407714844,363.3572235107422,1.058793639497904
IMG_1561,515.8358109025107,12888,meerkat_311,inactive,0.75,630.5828857421875,169.5007781982422,0.12363794469237624
IMG_1561,515.8358109025107,12888,meerkat_313,social_contact,0.7,900.2277526855469,391.6259765625,0.84996859311886
IMG_1561,515.8358109025107,12888,meerkat_357,social_contact,0.7,910.1453857421875,362.1234130859375,1.3322725857849682
IMG_1561,516.1560069365905,12896,meerkat_311,inactive,0.75,630.4859619140625,169.46333694458008,0.10390416706848171
IMG_1561,516.1560069365905,12896,meerkat_313,social_contact,0.7,899.9388427734375,391.49798583984375,0.3159913960871655
IMG_1561,516.1560069365905,12896,meerkat_357,social_contact,0.7,911.0571899414062,361.40223693847656,1.1625325515354594
IMG_1561,516.4762029706703,12904,meerkat_311,inactive,0.75,630.4663696289062,169.41353607177734,0.053516208475170794
IMG_1561,516.4762029706703,12904,meerkat_313,social_contact,0.7,900.0276184082031,391.5198059082031,0.09141787960375937
IMG_1561,516.4762029706703,12904,meerkat_357,social_contact,0.7,909.7041015625,361.9033966064453,1.4429168977906148
IMG_1561,516.7963990047501,12912,meerkat_311,inactive,0.75,630.72021484375,169.341796875,0.2637876142909823
IMG_1561,516.7963990047501,12912,meerkat_313,social_contact,0.7,899.385498046875,391.5578918457031,0.6432488609142
IMG_1561,516.7963990047501,12912,meerkat_357,social_contact,0.7,909.1805419921875,362.54441833496094,0.8276614525849136
IMG_1561,517.1165950388298,12920,meerkat_311,inactive,0.75,631.0483703613281,169.50170135498047,0.3650417598505563
IMG_1561,517.1165950388298,12920,meerkat_313,social_contact,0.7,899.6257019042969,391.12939453125,0.49123094529344213
IMG_1561,517.1165950388298,12920,meerkat_357,social_contact,0.7,907.0926208496094,367.6949005126953,5.557596725274709
IMG_1561,517.4367910729096,12928,meerkat_311,inactive,0.75,631.0700073242188,169.3727798461914,0.13072457149127933
IMG_1561,517.4367910729096,12928,meerkat_313,social_contact,0.7,899.8036499023438,391.2200012207031,0.1996874111769334
IMG_1561,517.4367910729096,12928,meerkat_357,social_contact,0.7,907.2726135253906,365.93870544433594,1.7653947098212015
IMG_1561,517.7569871069894,12936,meerkat_311,inactive,0.75,630.7031860351562,169.70158004760742,0.4926128607341536
IMG_1561,517.7569871069894,12936,meerkat_313,social_contact,0.7,900.1941223144531,391.38780212402344,0.4250009973795667
IMG_1561,517.7569871069894,12936,meerkat_357,social_contact,0.7,908.5320739746094,365.0686340332031,1.5307726426928785
IMG_1561,518.0771831410692,12944,meerkat_311,inactive,0.75,630.3837280273438,169.65032196044922,0.32354413957704325
IMG_1561,518.0771831410692,12944,meerkat_313,social_contact,0.7,900.4502258300781,391.68284606933594,0.3906916180071568
IMG_1561,518.0771831410692,12944,meerkat_357,social_contact,0.7,910.4819641113281,362.7599639892578,3.0219247040724753
IMG_1561,518.3973791751489,12952,meerkat_311,inactive,0.75,630.4731750488281,169.52283096313477,0.15573928229146344
IMG_1561,518.3973791751489,12952,meerkat_313,social_contact,0.7,900.6142272949219,391.6531677246094,0.16666518717658
IMG_1561,518.3973791751489,12952,meerkat_357,social_contact,0.7,911.3468627929688,361.78684997558594,1.3019218920919478
IMG_1561,518.7175752092287,12960,meerkat_311,inactive,0.75,630.5466918945312,169.13226318359375,0.397426618406136
IMG_1561,518.7175752092287,12960,meerkat_313,social_contact,0.7,900.5846252441406,391.40576171875,0.24917065065080357
IMG_1561,518.7175752092287,12960,meerkat_357,social_contact,0.7,910.4735107421875,363.0929718017578,1.5712090979262971
IMG_1561,519.0377712433085,12968,meerkat_311,inactive,0.75,630.5483703613281,169.3259506225586,0.1936947115012392
IMG_1561,519.0377712433085,12968,meerkat_313,social_contact,0.7,900.5335998535156,390.97027587890625,0.4384649440865827
IMG_1561,519.0377712433085,12968,meerkat_357,social_contact,0.7,909.5364074707031,369.93182373046875,6.90275729286928
IMG_1561,519.3579672773883,12976,meerkat_311,inactive,0.75,630.4200134277344,169.3603858947754,0.13289578764669424
IMG_1561,519.3579672773883,12976,meerkat_313,social_contact,0.7,900.52685546875,390.7224426269531,0.24792500378043344
IMG_1561,519.3579672773883,12976,meerkat_357,social_contact,0.7,909.7164916992188,367.5052185058594,2.43327829182393
IMG_1561,519.678163311468,12984,meerkat_311,inactive,0.75,630.3295593261719,169.33110809326172,0.09507436116510609
IMG_1561,519.678163311468,12984,meerkat_313,social_contact,0.7,900.5151672363281,390.6463623046875,0.07697291869995009
IMG_1561,519.678163311468,12984,meerkat_357,social_contact,0.7,910.3149108886719,365.09727478027344,2.481188931116375
IMG_1561,519.9983593455478,12992,meerkat_311,inactive,0.75,630.8010864257812,169.43267059326172,0.48234090337880264
IMG_1561,519.9983593455478,12992,meerkat_313,social_contact,0.7,900.4009399414062,390.82997131347656,0.21624093741396666
IMG_1561,519.9983593455478,12992,meerkat_357,social_contact,0.7,909.2710876464844,369.2095947265625,4.242728167297276
IMG_1561,520.3185553796276,13000,meerkat_311,inactive,0.75,630.8519287109375,169.67522811889648,0.24782875378367503
IMG_1561,520.3185553796276,13000,meerkat_313,inactive,0.75,899.8451538085938,390.5299835205078,0.6315781039245546
IMG_1561,520.6387514137074,13008,meerkat_311,inactive,0.75,631.0055236816406,169.60169219970703,0.170290770261725
IMG_1561,520.6387514137074,13008,meerkat_313,inactive,0.75,899.9012145996094,390.9460144042969,0.4197910296273683
IMG_1561,520.9589474477871,13016,meerkat_311,inactive,0.75,630.753173828125,169.7895164489746,0.3145765362869372
IMG_1561,520.9589474477871,13016,meerkat_313,inactive,0.75,899.2378540039062,391.26515197753906,0.7361359049703509
IMG_1561,521.2791434818669,13024,meerkat_311,inactive,0.75,630.7041320800781,169.76780700683594,0.05363201403514052
IMG_1561,521.2791434818669,13024,meerkat_313,social_contact,0.7,900.0097961425781,390.86045837402344,0.8715914055242687
IMG_1561,521.2791434818669,13024,meerkat_357,social_contact,0.7,907.7710571289062,374.4130401611328,5.415342643288264
IMG_1561,521.5993395159467,13032,meerkat_311,inactive,0.75,630.4903564453125,169.70581436157227,0.22258281624203013
IMG_1561,521.5993395159467,13032,meerkat_313,social_contact,0.7,900.4182434082031,391.03126525878906,0.44272357140757346
IMG_1561,521.5993395159467,13032,meerkat_357,social_contact,0.7,907.6890258789062,372.3006134033203,2.114018905567969
IMG_1561,521.9195355500265,13040,meerkat_311,inactive,0.75,630.5977478027344,169.51245880126953,0.22117702491194074
IMG_1561,521.9195355500265,13040,meerkat_313,social_contact,0.7,900.5578308105469,391.1435089111328,0.17911806269759775
IMG_1561,521.9195355500265,13040,meerkat_357,social_contact,0.7,907.7008972167969,370.7799072265625,1.5207525126373052
IMG_1561,522.2397315841062,13048,meerkat_311,inactive,0.75,629.9685668945312,169.37049865722656,0.644997130027731
IMG_1561,522.2397315841062,13048,meerkat_313,social_contact,0.7,900.5625610351562,391.1209259033203,0.02307308533149767
IMG_1561,522.2397315841062,13048,meerkat_357,social_contact,0.7,907.1648559570312,372.37303161621094,1.6808883226032076
IMG_1561,522.559927618186,13056,meerkat_311,inactive,0.75,629.7435302734375,169.59006881713867,0.31440823137621776
IMG_1561,522.559927618186,13056,meerkat_313,social_contact,0.7,900.4268493652344,390.92311096191406,0.23989249341432523
IMG_1561,522.559927618186,13056,meerkat_357,social_contact,0.7,906.4465637207031,377.0477600097656,4.72959081636833
IMG_1561,522.8801236522658,13064,meerkat_311,inactive,0.75,629.8078918457031,169.86455154418945,0.2819276138191095
IMG_1561,522.8801236522658,13064,meerkat_313,social_contact,0.7,900.4470520019531,390.9132843017578,0.02246574682079848
IMG_1561,522.8801236522658,13064,meerkat_357,social_contact,0.7,906.4855346679688,378.0012969970703,0.954333024100539
IMG_1561,523.2003196863456,13072,meerkat_311,inactive,0.75,629.6119689941406,170.00384521484375,0.2403923677006596
IMG_1561,523.2003196863456,13072,meerkat_313,inactive,0.75,900.3194580078125,390.78697204589844,0.1795411187473278
IMG_1561,523.5205157204252,13080,meerkat_311,inactive,0.75,629.7627563476562,169.94902420043945,0.16044366488136014
IMG_1561,523.5205157204252,13080,meerkat_313,inactive,0.75,900.346435546875,390.9412384033203,0.15660746037811354
IMG_1561,523.840711754505,13088,meerkat_311,inactive,0.75,629.6889038085938,169.70636749267578,0.2536463588319023
IMG_1561,523.840711754505,13088,meerkat_313,inactive,0.75,900.2345886230469,391.03477478027344,0.1458039374754039
IMG_1561,524.1609077885848,13096,meerkat_311,inactive,0.75,629.5057983398438,169.7934226989746,0.202746693264992
IMG_1561,524.1609077885848,13096,meerkat_313,inactive,0.75,900.2694702148438,390.94683837890625,0.09460198799018397
IMG_1561,524.4811038226646,13104,meerkat_311,inactive,0.75,629.5039367675781,169.66725158691406,0.1261848444540596
IMG_1561,524.4811038226646,13104,meerkat_313,social_contact,0.7,900.3796691894531,391.33152770996094,0.4001620864503041
IMG_1561,524.4811038226646,13104,meerkat_357,social_contact,0.7,907.88916015625,372.13710021972656,6.029839828284131
IMG_1561,524.8012998567443,13112,meerkat_311,inactive,0.75,629.8584594726562,169.4294662475586,0.42688196966879105
IMG_1561,524.8012998567443,13112,meerkat_313,social_contact,0.7,900.5506591796875,391.0559997558594,0.32427338813375417
IMG_1561,524.8012998567443,13112,meerkat_357,social_contact,0.7,906.0672912597656,370.52293395996094,2.434078673778426
IMG_1561,525.1214958908241,13120,meerkat_311,inactive,0.75,630.0519714355469,169.34826278686523,0.2098591952008789
IMG_1561,525.1214958908241,13120,meerkat_313,social_contact,0.7,900.6745300292969,390.7714080810547,0.3103810702202784
IMG_1561,525.1214958908241,13120,meerkat_357,social_contact,0.7,905.4710998535156,372.2987365722656,1.8732109093090679
IMG_1561,525.4416919249039,13128,meerkat_311,inactive,0.75,630.1816711425781,169.1512451171875,0.23587703612101993
IMG_1561,525.4416919249039,13128,meerkat_313,social_contact,0.7,900.2998657226562,390.8286590576172,0.3790132147931787
IMG_1561,525.4416919249039,13128,meerkat_357,social_contact,0.7,907.4912414550781,367.7604217529297,4.967622518848195
IMG_1561,525.7618879589837,13136,meerkat_311,inactive,0.75,630.2604370117188,168.9964714050293,0.17366336434812144
IMG_1561,525.7618879589837,13136,meerkat_313,social_contact,0.7,900.2430114746094,391.0811004638672,0.25876450512087845
IMG_1561,525.7618879589837,13136,meerkat_357,social_contact,0.7,910.7548828125,362.937744140625,5.823192789363867
IMG_1561,526.0820839930634,13144,meerkat_311,inactive,0.75,630.5217895507812,169.0176658630371,0.2622105160451436
IMG_1561,526.0820839930634,13144,meerkat_313,inactive,0.75,901.4007263183594,391.01963806152344,1.159345197230295
IMG_1561,526.4022800271432,13152,meerkat_311,inactive,0.75,630.6732788085938,169.27742385864258,0.3007045252628447
IMG_1561,526.4022800271432,13152,meerkat_313,inactive,0.75,901.0048522949219,391.55995178222656,0.669817258073162
IMG_1561,526.722476061223,13160,meerkat_311,inactive,0.75,630.4922485351562,169.45761489868164,0.25542272962916795
IMG_1561,526.722476061223,13160,meerkat_313,inactive,0.75,901.8855590820312,391.58302307128906,0.881008926878453
IMG_1561,527.0426720953028,13168,meerkat_311,inactive,0.75,630.1279907226562,169.98302459716797,0.6393270721866698
IMG_1561,527.0426720953028,13168,meerkat_313,inactive,0.75,901.2042541503906,391.32371520996094,0.728983523012971
IMG_1561,527.3628681293825,13176,meerkat_311,inactive,0.75,630.1177062988281,170.04579544067383,0.06360776814127024
IMG_1561,527.3628681293825,13176,meerkat_313,inactive,0.75,900.1295166015625,390.8379821777344,1.179405518664847
IMG_1561,527.6830641634623,13184,meerkat_311,inactive,0.75,630.0313720703125,170.0152359008789,0.09158321072044576
IMG_1561,527.6830641634623,13184,meerkat_313,inactive,0.75,900.5836486816406,391.3323669433594,0.6713063701754741
IMG_1561,528.0032601975421,13192,meerkat_311,inactive,0.75,629.8594665527344,170.22477340698242,0.2710303920926284
IMG_1561,528.0032601975421,13192,meerkat_313,inactive,0.75,899.6467895507812,391.3536834716797,0.9371016089273426
IMG_1561,528.3234562316219,13200,meerkat_311,inactive,0.75,629.4665222167969,170.2618751525879,0.39469202002616643
IMG_1561,528.3234562316219,13200,meerkat_313,inactive,0.75,898.61767578125,391.3184509277344,1.0297167002587058
IMG_1561,528.6436522657016,13208,meerkat_311,inactive,0.75,629.2947998046875,170.22556686401367,0.17551888399785012
IMG_1561,528.6436522657016,13208,meerkat_313,inactive,0.75,898.85107421875,389.9225158691406,1.4153125161739288
IMG_1561,528.9638482997814,13216,meerkat_311,inactive,0.75,629.2124938964844,170.0115623474121,0.22928627444967062
IMG_1561,528.9638482997814,13216,meerkat_313,inactive,0.75,898.5582275390625,390.07005310058594,0.3279122023751799
IMG_1561,529.2840443338612,13224,meerkat_311,inactive,0.75,629.2474975585938,170.25038146972656,0.24137073050416244
IMG_1561,529.2840443338612,13224,meerkat_313,inactive,0.75,899.1355590820312,390.27430725097656,0.6123981290455366
IMG_1561,529.604240367941,13232,meerkat_311,inactive,0.75,629.1642150878906,170.20743560791016,0.09370334558365957
IMG_1561,529.604240367941,13232,meerkat_313,inactive,0.75,900.8568725585938,390.0390167236328,1.7373202689352876
IMG_1561,529.9244364020207,13240,meerkat_311,inactive,0.75,629.1372375488281,170.14186096191406,0.07090713512321399
IMG_1561,529.9244364020207,13240,meerkat_313,inactive,0.75,901.0890808105469,389.81028747558594,0.32594131555728684
IMG_1561,530.2446324361005,13248,meerkat_311,inactive,0.75,629.3216552734375,170.0372543334961,0.21201991382668342
IMG_1561,530.2446324361005,13248,meerkat_313,inactive,0.75,901.1680297851562,389.83642578125,0.08316340309811582
IMG_1561,530.5648284701803,13256,meerkat_311,inactive,0.75,629.3397216796875,169.88059616088867,0.15769647453093816
IMG_1561,530.5648284701803,13256,meerkat_313,inactive,0.75,900.437744140625,389.95912170410156,0.7405210409521257
